molecule_chembl_id,canonical_smiles,murcko_fragment,problem_type,strategy,train_test,drop_intermediate,pIC50,bioactivity_class
CHEMBL1299566,O=C(Nc1nc(-c2ccco2)c(-c2ccco2)s1)c1ccc([N+](=O)[O-])o1,n1c(sc(-c2occc2)c1-c3occc3)NCc4occc4,regression,strict,train,False,5.465085895570133,intermediate
CHEMBL115114,O=C(Nc1cc(Cl)ccc1Oc1ccc2ccccc2c1Cl)c1cc(Cl)cc(Br)c1O,O(c1ccc2ccccc2c1)c3ccccc3NCc4ccccc4,regression,strict,train,False,5.207608310501746,intermediate
CHEMBL1299903,CCCCOc1cccc(C2C(C(=O)c3ccc(C)o3)=C(O)C(=O)N2Cc2ccco2)c1,o1cccc1CC2=CCN(Cc3occc3)C2c4ccccc4,regression,strict,train,False,5.531504975492931,intermediate
CHEMBL1301164,CNc1ccc(Br)cc(C(=O)/C=C/c2cc(OC)ccc2OC)c1=O,c1ccc(cc1)C=CCC2=CC=CC=CC2,regression,strict,train,False,4.94692155651658,inactive
CHEMBL109592,Cc1ccccc1CC[C@H](NC(=O)[C@H]1CCCN1C(=O)[C@@H](NC(=O)[C@@H](NC(=O)[C@H](CCC(=O)O)NC(=O)[C@@H](N)CC(=O)O)C(C)C)C(C)C)B1O[C@@H]2C[C@@H]3C[C@@H](C3(C)C)[C@]2(C)O1,O1B(OC2C1CC3CC2C3)C(NCC4NCCC4)CCc5ccccc5,regression,strict,test,False,6.086186147616283,active
CHEMBL1304445,N#C/C(=C\c1ccc(O)c(O)c1)S(=O)(=O)c1ccccc1,S(C=Cc1ccccc1)c2ccccc2,regression,strict,train,False,5.357634419155026,intermediate
CHEMBL1306839,COc1ccccc1OCCCOc1cccc(/C=C2\SC(=O)NC2=O)c1,O(c1ccccc1)CCCOc2cccc(c2)C=C3SCNC3,regression,strict,train,False,5.417595701980972,intermediate
CHEMBL1159463,O=C(OC[C@H]1O[C@H](OC(=O)c2cc(O)c(O)c(O)c2)[C@H](OC(=O)c2cc(O)c(O)c(O)c2)[C@@H](OC(=O)c2cc(O)c(O)c(O)c2)[C@@H]1O)c1cc(O)c(O)c(O)c1,O(Cc1ccccc1)CC2OC(OCc3ccccc3)C(OCc4ccccc4)C(OCc5ccccc5)C2,regression,strict,train,False,6.1249387366083,active
CHEMBL1311288,NS(=O)(=O)c1ccc2nc(NC(=O)c3ccc4ncsc4c3)sc2c1,n1csc2cc(ccc12)CNc3nc4ccccc4s3,regression,strict,train,False,4.494850021680094,inactive
CHEMBL1310699,O=C(NC1CCCC1)c1ccc2nc(-c3ccco3)c(-c3ccco3)nc2c1,n1c2ccc(cc2nc(-c3occc3)c1-c4occc4)CNC5CCCC5,regression,strict,train,False,5.260190400978641,intermediate
CHEMBL1323110,O=C(C1=C(O)C(=O)N(Cc2ccco2)C1c1cccc(Cl)c1)c1ccc2c(c1)OCCO2,o1cccc1CN2CC=C(Cc3ccc4OCCOc4c3)C2c5ccccc5,regression,strict,train,False,5.336487529584844,intermediate
CHEMBL1333666,Cc1cc(Cl)ccc1Oc1ccccc1C(=O)CC#N,O(c1ccccc1)c2ccccc2,regression,strict,train,False,5.450383760480914,intermediate
CHEMBL13256,CC[C@H](NC(=O)[C@H](CC1CCCCC1)NC(=O)[C@@H](NC(=O)[C@H](CC(C)C)NC(=O)c1cnccn1)[C@@H](C)CC)C(=O)C(=O)NCC(=O)O,n1ccnc(c1)CNCCNCCNCCC2CCCCC2,regression,strict,train,False,6.638272163982407,active
CHEMBL1334586,Cc1ccc(C)n1NC1=NC(=O)CS1,N1=C(SCC1)Nn2cccc2,regression,strict,train,False,4.565431095965801,inactive
CHEMBL1334412,Cc1cc(C)c2c(c1)NC(C(=O)O)C1CC=CC21,c1ccc2c(c1)NCC3CC=CC23,regression,strict,train,False,5.43486084803021,intermediate
CHEMBL1336054,Cc1ccc(/C=C/C(=O)c2ccccc(=O)c2O)c(C)c1,c1ccc(cc1)C=CCC=2C=CC=CCC2,regression,strict,test,False,5.5379016188648444,intermediate
CHEMBL1337304,O=C1NC(=O)N(c2ccccc2)C(=O)/C1=C\c1ccc([N+](=O)[O-])s1,s1cccc1C=C2CNCN(c3ccccc3)C2,regression,strict,train,False,4.803133252750761,inactive
CHEMBL1324375,Cc1cc2cc(C(c3nnnn3Cc3ccco3)N3CCc4ccccc4C3)c(O)nc2cc1C,n1nc(n(n1)Cc2occc2)C(c3cnc4ccccc4c3)N5Cc6ccccc6CC5,regression,strict,train,False,3.963359129771263,inactive
CHEMBL1337018,CCCCCCCCCc1nc2sc3c(c2c(=O)n1NC(=O)c1ccccc1[N+](=O)[O-])CC(C)(C)OC3,N1=CN([CH]c2c1sc3c2CCOC3)NCc4ccccc4,regression,strict,train,False,4.949349619136086,inactive
CHEMBL1338595,Cc1ccc2nc(N3C(=O)C(O)=C(C(=O)c4ccco4)C3c3ccc(O)cc3)sc2c1.O=C(O)C(=O)O,n1c(sc2ccccc12)N3CC=C(Cc4occc4)C3c5ccccc5,regression,strict,train,False,5.465973893943865,intermediate
CHEMBL13443,C=CCNC(=O)C(=O)[C@H](CC)NC(=O)[C@@H]1CCCN1C(=O)[C@@H](NC(=O)[C@@H](NC(=O)[C@H](CCC(=O)O)NC(=O)[C@@H](N)CC(=O)O)C(C)C)C(C)C,N1CCCC1,regression,strict,train,False,6.376750709602099,active
CHEMBL1343163,CC(Oc1ccccc1)C(=O)Nc1oc(-c2ccco2)c(-c2ccco2)c1C#N,o1cccc1-c2oc(cc2-c3occc3)NCCOc4ccccc4,regression,strict,train,False,4.777101527390578,inactive
CHEMBL1346055,O=C(O)c1ccc(-n2cccc2/C=C2/NC(=O)N(c3cccc(Cl)c3)C2=O)cc1,c1ccc(cc1)-n2cccc2C=C3NCN(c4ccccc4)C3,regression,strict,train,False,5.217097594025355,intermediate
CHEMBL1351362,CC(C)NC(=O)c1cc(-c2ccco2)nn1-c1ccc(Cl)cc1,n1c(ccn1-c2ccccc2)-c3occc3,regression,strict,train,False,4.635336459105234,inactive
CHEMBL1347122,O=C(CCCSc1ccccc1)Nc1nc(-c2ccco2)c(-c2ccco2)s1,n1c(sc(-c2occc2)c1-c3occc3)NCCCCSc4ccccc4,regression,strict,train,False,5.250650239402523,intermediate
CHEMBL1362157,CC1(C)Cc2c(C#N)c(NCCc3ccccc3)nc(-c3ccco3)c2CO1,n1c(cc2c(c1-c3occc3)COCC2)NCCc4ccccc4,regression,strict,train,False,4.452176085560864,inactive
CHEMBL1364584,COc1ccc(NC2=NC(=O)/C(=C\C=C\c3ccco3)S2)cc1,N1=C(SC(=CC=Cc2occc2)C1)Nc3ccccc3,regression,strict,train,False,4.587153211488039,inactive
CHEMBL1365290,Cc1ccc(N2C(=O)NC(=O)/C(=C\C=C\c3ccco3)C2=O)cc1C,o1cccc1C=CC=C2CNCN(c3ccccc3)C2,regression,strict,train,False,4.841939206063395,inactive
CHEMBL1347385,O=C1NN(c2ccccc2)C(=O)/C1=C/c1ccc(Sc2cccc3ccccc23)o1,o1c(Sc2cccc3ccccc23)ccc1C=C4CNN(c5ccccc5)C4,regression,strict,train,False,5.255863547598753,intermediate
CHEMBL1366482,O=C1OC(c2ccco2)=N/C1=C\c1ccc(-c2cccc(C(F)(F)F)c2)o1,N1=C(OCC1=Cc2oc(cc2)-c3ccccc3)c4occc4,regression,strict,train,False,4.654626269440912,inactive
CHEMBL1373132,O=C(O)CCN1C(=O)/C(=C2\C(=O)N(Cc3ccccc3Cl)c3ccccc32)SC1=S,S1C(=C2c3ccccc3N(Cc4ccccc4)C2)CNC1,regression,strict,train,False,5.513569521145566,intermediate
CHEMBL1371074,O=C(O)c1cccc(-n2c(/C=C/c3ccccc3)nc3ccccc3c2=O)c1,N=1c2ccccc2[CH]N(C1C=Cc3ccccc3)c4ccccc4,regression,strict,train,False,4.909565583824878,inactive
CHEMBL1375490,Cc1cc(O)c(C(=O)/C=C/c2c(F)c(F)c(F)c(F)c2F)c(=O)o1,O1C=CC=C(C1)CC=Cc2ccccc2,regression,strict,train,False,5.053302162754258,intermediate
CHEMBL1376870,Cc1ccc2c(c1)C1C=CCC1C(C(=O)O)N2,c1ccc2c(c1)NCC3CC=CC23,regression,strict,train,False,4.425390058659813,inactive
CHEMBL1378059,CCC(C(=O)O)n1nnc(-c2ccc(-c3ccc(OC)cc3)cc2)n1,n1nc(n[nH]1)-c2ccc(cc2)-c3ccccc3,regression,strict,train,False,5.0745847629157534,intermediate
CHEMBL1374123,Cc1cc(N2C(=O)C(O)=C(C(=O)c3ccc(C)o3)C2c2ccc(OCc3ccccc3)cc2)no1,n1occc1N2CC=C(Cc3occc3)C2c4ccc(OCc5ccccc5)cc4,regression,strict,train,False,5.759950227887352,intermediate
CHEMBL1381419,Cc1ccc(-n2cccc2/C=C2\C(=N)N3N=C(c4ccco4)SC3=NC2=O)cc1,N1=C(SC2=NCC(=Cc3cccn3-c4ccccc4)CN12)c5occc5,regression,strict,train,False,5.27523275435369,intermediate
CHEMBL1372751,O=C(c1ccc2nc(-c3ccco3)c(-c3ccco3)nc2c1)N1CCN(c2ccccc2)CC1,n1c2ccc(cc2nc(-c3occc3)c1-c4occc4)CN5CCN(c6ccccc6)CC5,regression,strict,train,False,4.706063186112706,inactive
CHEMBL1399109,O=C(CCl)Nc1nc(-c2ccco2)c(-c2ccco2)s1,n1csc(-c2occc2)c1-c3occc3,regression,strict,train,False,4.320317779427518,inactive
CHEMBL1387693,COc1ccc(-n2cccc2/C=C2\C(=N)N3N=C(c4ccco4)SC3=NC2=O)cc1,N1=C(SC2=NCC(=Cc3cccn3-c4ccccc4)CN12)c5occc5,regression,strict,test,False,5.108295323760817,intermediate
CHEMBL1404086,Cc1ccc(C)c(/C=C/C(=O)c2ccccc(=O)c2O)c1,c1ccc(cc1)C=CCC=2C=CC=CCC2,regression,strict,test,False,5.599289363226768,intermediate
CHEMBL1387835,COc1c(N2CCN(C(S)=NCc3ccccc3)C(C)C2)c(F)cc2c(=O)c(C(=O)O)cn(C3CC3)c12,N(=CN1CCN(c2ccc3c(c2)N(C=CC3)C4CC4)CC1)Cc5ccccc5,regression,strict,train,False,4.8255040806247,inactive
CHEMBL1416382,CN=c1ccc(Br)cc(C(=O)/C=C/c2ccc(Cl)cc2Cl)c1O,c1ccc(cc1)C=CCC=2C=CC=CCC2,regression,strict,test,False,5.092212556889384,intermediate
CHEMBL1414563,COc1ccc(OC)c(C2CC(=O)N3CN(c4ccccc4F)CSC3=C2C#N)c1,S1C2=CC(c3ccccc3)CCN2CN(c4ccccc4)C1,regression,strict,train,False,5.169154807691388,intermediate
CHEMBL1418430,O=C1NC(=S)N(CCC2=CCCCC2)C(=O)/C1=C/NNC(=O)c1ccccc1,c1ccc(cc1)CNNC=C2CNCN(C2)CCC3=CCCCC3,regression,strict,train,False,5.266481748565512,intermediate
CHEMBL1389429,Cc1cccc(N2C(=O)C(O)=C(C(=O)c3cccs3)C2c2cccc(Oc3ccccc3)c2)n1,n1ccccc1N2CC=C(Cc3sccc3)C2c4cccc(Oc5ccccc5)c4,regression,strict,train,False,5.520280764560429,intermediate
CHEMBL1425797,CCCCCOc1ccc(C2C(C(=O)c3ccc(C)o3)=C(O)C(=O)N2c2cc(C)on2)cc1,n1occc1N2CC=C(Cc3occc3)C2c4ccccc4,regression,strict,train,False,5.612254340391137,intermediate
CHEMBL1425000,COc1cccc(C2C(C#N)=C(N)OC3=C2C(=O)CC(c2ccco2)C3)c1OCc1ccc(F)cc1,o1cccc1C2CC=3OC=CC(c4ccccc4OCc5ccccc5)C3CC2,regression,strict,train,False,4.47491630266133,inactive
CHEMBL1437673,CCCOc1ccc(-c2nc(SCc3ccccc3)nc(O)c2C#N)cc1OC,n1ccc(nc1SCc2ccccc2)-c3ccccc3,regression,strict,train,False,5.76421912967244,intermediate
CHEMBL1442398,Cc1occc1C(=O)NNC(=S)NC(=O)COc1ccc(Cl)cc1Cl,o1ccc(c1)CNNCNCCOc2ccccc2,regression,strict,train,False,4.81881406587177,inactive
CHEMBL1443537,Cc1ccc(C)n1-c1ccc(OCC(=O)O)cc1,c1ccc(cc1)-n2cccc2,regression,strict,train,False,4.443094730944552,inactive
CHEMBL1438291,CCCOc1ccc(C(=O)C2=C(O)C(=O)N(c3ccccn3)C2c2ccccc2F)cc1C,n1ccccc1N2CC=C(Cc3ccccc3)C2c4ccccc4,regression,strict,train,False,5.238748925691337,intermediate
CHEMBL1446502,C=CCn1c(SCC(=O)NCCCC)nc2scc(-c3ccco3)c2c1=O,n1cnc2scc(-c3occc3)c2c1,regression,strict,train,False,4.425714020884269,inactive
CHEMBL1444743,Cc1ccc(C(=O)C2=C(O)C(=O)N(Cc3ccco3)C2c2cccc(Cl)c2)o1,o1cccc1CC2=CCN(Cc3occc3)C2c4ccccc4,regression,strict,train,False,5.2711594316600285,intermediate
CHEMBL1430383,Cc1ccc(C)c(N2CCN(C(=O)c3ccc4nc(-c5ccco5)c(-c5ccco5)nc4c3)CC2)c1,n1c2ccc(cc2nc(-c3occc3)c1-c4occc4)CN5CCN(c6ccccc6)CC5,regression,strict,test,False,4.849090126298878,inactive
CHEMBL1447158,COc1cc2cc3c(N)c(C(=O)Nc4sc(C)c(C)c4C#N)sc3nc2cc1OC,n1c2sc(cc2cc3ccccc13)CNc4sccc4,regression,strict,train,False,4.440476392942107,inactive
CHEMBL1448067,CCOc1ccc(N2C(=O)C3Sc4nc(O)sc4C(/C=C/c4ccccc4)C3C2=O)cc1,n1csc2c1SC3CN(c4ccccc4)CC3C2C=Cc5ccccc5,regression,strict,train,False,4.812056470937473,inactive
CHEMBL1450458,CC1CCCCC1NC(=O)COC(=O)c1c2c(nc3ccccc13)/C(=C/c1ccco1)CC2,n1c2ccccc2c(c3c1C(=Cc4occc4)CC3)COCCNC5CCCCC5,regression,strict,train,False,4.954559660185225,inactive
CHEMBL1449425,N#C/C(=C\c1ccc(OCc2ccc(C(=O)O)cc2)cc1)C(=O)NCc1ccccc1,O(c1ccc(cc1)C=CCNCc2ccccc2)Cc3ccccc3,regression,strict,train,False,5.150703459165274,intermediate
CHEMBL1459786,Cc1cccc(NC2=NC(=O)/C(=C/C=C/c3ccco3)S2)c1C,N1=C(SC(=CC=Cc2occc2)C1)Nc3ccccc3,regression,strict,test,False,5.26074419673149,intermediate
CHEMBL1458120,CCCCOc1ccc(C2C(C(=O)c3ccc(C)o3)=C(O)C(=O)N2Cc2ccco2)cc1,o1cccc1CC2=CCN(Cc3occc3)C2c4ccccc4,regression,strict,train,False,5.486915639534856,intermediate
CHEMBL1469579,Cc1ccc(/C=C/C(=O)c2ccccc(=O)c2O)cc1C,c1ccc(cc1)C=CCC=2C=CC=CCC2,regression,strict,test,False,5.580209413893638,intermediate
CHEMBL1468444,CSc1ccc(C2C(C(=O)c3ccco3)=C(O)C(=O)N2c2nnc(SC)s2)cc1,n1nc(sc1)N2CC=C(Cc3occc3)C2c4ccccc4,regression,strict,train,False,5.312292720375181,intermediate
CHEMBL1467976,O=C(COC(=O)c1c2c(nc3ccccc13)/C(=C/c1ccco1)CC2)NC1CCCC1,n1c2ccccc2c(c3c1C(=Cc4occc4)CC3)COCCNC5CCCC5,regression,strict,train,False,4.899939776068847,inactive
CHEMBL1486503,CC1=CN2C(=N)/C(=C/c3ccc([N+](=O)[O-])o3)C(=O)N=C2S1,N1=C2SC=CN2CC(=Cc3occc3)C1,regression,strict,train,False,5.041722874452303,intermediate
CHEMBL1464595,O=c1c2c(-c3ccco3)csc2nc(SCc2cn3cccnc3n2)n1-c1ccccc1,n1cccn2cc(nc12)CSC3=Nc4scc(-c5occc5)c4[CH]N3c6ccccc6,regression,strict,train,False,4.303704783811583,inactive
CHEMBL1481011,COC(=O)c1sc(N2C(=O)C(O)=C(C(=O)c3ccc(C)o3)C2c2cc(OC)ccc2OC)nc1C,n1ccsc1N2CC=C(Cc3occc3)C2c4ccccc4,regression,strict,train,False,5.24695343837347,intermediate
CHEMBL1491676,CCc1cc2c(=O)n(Cc3ccco3)c(SCc3c(C)noc3C)nc2s1,n1occ(c1)CSC2=Nc3sccc3[CH]N2Cc4occc4,regression,strict,train,False,4.59137002341372,inactive
CHEMBL1481914,O=C(Nc1nc(-c2ccco2)c(-c2ccco2)s1)C1CC(=O)N(c2ccc3c(c2)OCCO3)C1,n1c(sc(-c2occc2)c1-c3occc3)NCC4CN(c5ccc6OCCOc6c5)CC4,regression,strict,train,False,4.5805399272139296,inactive
CHEMBL1492622,CC(C)C(C)(C#N)NC(=O)CSc1nc2scc(-c3ccco3)c2c(=O)n1-c1ccccc1,N1=CN([CH]c2c1scc2-c3occc3)c4ccccc4,regression,strict,train,False,4.94596178931513,inactive
CHEMBL1493191,O=C1/C(=C/C=C/c2ccco2)SC(=S)N1c1ccc(O)cc1,o1cccc1C=CC=C2SCN(c3ccccc3)C2,regression,strict,train,False,5.271565049025745,intermediate
CHEMBL1489865,CCCOc1ccc(C(=O)C2=C(O)C(=O)N(c3ccccn3)C2c2ccc(OC)cc2)cc1C,n1ccccc1N2CC=C(Cc3ccccc3)C2c4ccccc4,regression,strict,train,False,5.241163775253042,intermediate
CHEMBL1494390,CCOc1ccc(/C=C/C(=O)c2cc(Br)ccc(=O)c2O)cc1,c1ccc(cc1)C=CCC=2C=CC=CCC2,regression,strict,test,False,5.362010219215315,intermediate
CHEMBL1495335,O=C1/C(=C/C=C/C=C/Nc2ccccc2)SC(=S)N1Cc1ccccc1,S1C(=CC=CC=CNc2ccccc2)CN(C1)Cc3ccccc3,regression,strict,train,False,4.762934047444596,inactive
CHEMBL1496459,CCOc1ccc(C(=O)C2=C(O)C(=O)N(c3nc(C)c(C)s3)C2c2ccco2)cc1,n1ccsc1N2CC=C(Cc3ccccc3)C2c4occc4,regression,strict,train,False,5.196884445109973,intermediate
CHEMBL1503034,O=C(/C=C/c1ccccc1Cl)c1ccccc(=O)c1O,c1ccc(cc1)C=CCC=2C=CC=CCC2,regression,strict,test,False,5.34756025241058,intermediate
CHEMBL1499658,COc1cccc(-n2c(SCc3cc(=O)oc4cc(O)c(O)cc34)nc3ccccc3c2=O)c1,N1=C(SCC2=CCOc3ccccc32)N([CH]c4ccccc14)c5ccccc5,regression,strict,train,False,5.635636645384269,intermediate
CHEMBL1509648,Cc1ccc(/C=C/C(=O)Nc2ccc([N+](=O)[O-])c(NC(=O)/C=C/c3ccc(C)o3)c2)o1,o1cccc1C=CCNc2cccc(c2)NCC=Cc3occc3,regression,strict,train,False,4.383871219842284,inactive
CHEMBL1527520,O=C(O)C1Nc2c(O)cccc2C2C=CCC12,c1ccc2c(c1)NCC3CC=CC23,regression,strict,train,False,5.464452720823332,intermediate
CHEMBL1500600,CC(=O)c1ccc(NC(=O)c2ccc3nc(-c4ccco4)c(-c4ccco4)nc3c2)cc1,n1c2ccc(cc2nc(-c3occc3)c1-c4occc4)CNc5ccccc5,regression,strict,train,False,5.230327335944508,intermediate
CHEMBL1504875,Cc1ccc(C(CCN(Cc2ccccc2)C(=O)c2ccco2)c2ccco2)cc1,o1cccc1CN(Cc2ccccc2)CCC(c3occc3)c4ccccc4,regression,strict,train,False,5.054334500567866,intermediate
CHEMBL1529115,Cc1ccc(NC(=O)C2=C(c3ccccc3)S(=O)(=O)CCS2(=O)=O)cc1,S1C(c2ccccc2)=C(SCC1)CNc3ccccc3,regression,strict,train,False,5.034798298974088,intermediate
CHEMBL1536896,CCOC(=O)c1sc2nc3c(SCCC(=O)O)cc(C(=O)c4cc(OC)ccc4O)cn3c(=O)c2c1C,N=1c2sccc2CN3C=C(C=CC13)Cc4ccccc4,regression,strict,train,False,5.587875593826682,intermediate
CHEMBL1540923,CCCOc1ccc(C2C(C(=O)c3ccc(C)o3)=C(O)C(=O)N2Cc2ccco2)cc1OCC,o1cccc1CC2=CCN(Cc3occc3)C2c4ccccc4,regression,strict,train,False,5.285167487566667,intermediate
CHEMBL1543865,COc1ccccc1NC(=O)c1cc2cc(Br)ccc2cc1O,c1ccc(cc1)NCc2ccc3ccccc3c2,regression,strict,train,False,5.39469495385889,intermediate
CHEMBL1537336,CCOc1cccc(C2C(C(=O)c3ccc(C)o3)=C(O)C(=O)N2Cc2ccccc2)c1,o1cccc1CC2=CCN(Cc3ccccc3)C2c4ccccc4,regression,strict,train,False,5.367745223315287,intermediate
CHEMBL1532953,CCCCn1c(NS(=O)(=O)c2ccc(C)cc2)c(S(=O)(=O)c2ccccc2)c2nc3ccccc3nc21,n1c2ccccc2nc3c1[nH]c(NSc4ccccc4)c3Sc5ccccc5,regression,strict,train,False,6.178886232650714,active
CHEMBL1546228,O=C1C=CC(=NNc2ccccc2)C=CC1=O,N(Nc1ccccc1)=C2C=CCCC=C2,regression,strict,train,False,4.898631036750749,inactive
CHEMBL1544163,COc1ccc(S(=O)(=O)NC2=NC(=O)/C(=C/c3ccco3)S2)cc1,N1=C(SC(=Cc2occc2)C1)NSc3ccccc3,regression,strict,train,False,5.199695422443801,intermediate
CHEMBL1545427,COc1ccc(N2C(=O)NC(=O)/C(=C/c3ccc([N+](=O)[O-])s3)C2=O)cc1,s1cccc1C=C2CNCN(c3ccccc3)C2,regression,strict,test,False,5.026041313893296,intermediate
CHEMBL1549566,Cc1ccc(C(=O)/C=C/c2cc(Br)cc(Br)c2O)o1,o1cccc1CC=Cc2ccccc2,regression,strict,train,False,5.039006291057664,intermediate
CHEMBL1559731,Cc1cc(C(=O)O)ccc1-n1c(C)ccc1C,c1ccc(cc1)-n2cccc2,regression,strict,train,False,5.204119982655925,intermediate
CHEMBL1546396,Nc1c(C(=O)NC2CC2)sc2nc3c(c(-c4ccco4)c12)CC/C3=C/c1ccco1,n1c2sc(cc2c(-c3occc3)c4c1C(=Cc5occc5)CC4)CNC6CC6,regression,strict,train,False,5.261060968796521,intermediate
CHEMBL1544885,Cc1cc(N2C(=O)C(O)=C(C(=O)c3ccc(C)o3)C2c2cccc(Oc3ccccc3)c2)no1,n1occc1N2CC=C(Cc3occc3)C2c4cccc(Oc5ccccc5)c4,regression,strict,train,False,5.710188160882378,intermediate
CHEMBL1563898,O=c1cc2oc3cc(O)c(O)cc3c(-c3ccccc3[N+](=O)[O-])c-2cc1O,O1c2ccccc2=C(c3ccccc3)c4ccccc14,regression,strict,train,False,6.00436480540245,active
CHEMBL1561333,COc1cc(C2C(C(=O)c3ccc(C)o3)=C(O)C(=O)N2c2cc(C)on2)ccc1OCc1ccccc1,n1occc1N2CC=C(Cc3occc3)C2c4ccc(OCc5ccccc5)cc4,regression,strict,test,False,5.572351628813068,intermediate
CHEMBL1562843,Cc1cc(N2C(=O)C(O)=C(C(=O)c3ccco3)C2c2cccc(Oc3ccccc3)c2)no1,n1occc1N2CC=C(Cc3occc3)C2c4cccc(Oc5ccccc5)c4,regression,strict,test,False,5.577738549186398,intermediate
CHEMBL15632,C=CC[C@H](NC(=O)[C@@H]1CCc2c(Cl)nc(NCc3cccc(C(F)(F)F)c3)c(=O)n21)B1OC2CC3CC(C3(C)C)[C@@]2(C)O1,N=1C=C2N(CC1NCc3ccccc3)C(CNCB4OC5CC6CC(C6)C5O4)CC2,regression,strict,train,False,5.337242168318426,intermediate
CHEMBL1576490,COc1ccccc1/C=C/C1=N/C(=C\C=C/c2ccccc2)C(=O)O1,N1=C(OCC1=CC=Cc2ccccc2)C=Cc3ccccc3,regression,strict,train,False,4.618199257495297,inactive
CHEMBL1566266,Cc1ccccc1NC(=O)CSc1nnc(-c2ccco2)c(-c2ccco2)n1,n1nc(-c2occc2)c(nc1SCCNc3ccccc3)-c4occc4,regression,strict,train,False,5.064341613899366,intermediate
CHEMBL1576217,Cc1cccc(N2C(=O)C(O)=C(C(=O)c3cccs3)C2c2ccc(C(C)C)cc2)n1,n1ccccc1N2CC=C(Cc3sccc3)C2c4ccccc4,regression,strict,train,False,5.230844309285601,intermediate
CHEMBL1581396,CNc1ccc(Br)cc(C(=O)/C=C/c2cccc(OC)c2)c1=O,c1ccc(cc1)C=CCC2=CC=CC=CC2,regression,strict,test,False,5.047207556955908,intermediate
CHEMBL1580969,CCCCOc1ccc(-c2cc(C(F)(F)F)c(C#N)c(SCC(=O)O)n2)cc1,n1ccccc1-c2ccccc2,regression,strict,train,False,5.70421305974839,intermediate
CHEMBL15786,C=CC[C@H](NC(=O)[C@@H]1C[C@@H](Cc2ccccc2)c2c(Cl)nc(NCc3cccc(C(F)(F)F)c3)c(=O)n21)B1OC2CC3CC(C3(C)C)[C@@]2(C)O1,N=1C=C2N(CC1NCc3ccccc3)C(CNCB4OC5CC6CC(C6)C5O4)CC2Cc7ccccc7,regression,strict,train,False,6.585026652029182,active
CHEMBL1584828,O=C(c1ccc2nc(-c3ccco3)c(-c3ccco3)nc2c1)N1CCN(c2ncccn2)CC1,n1cccnc1N2CCN(Cc3ccc4nc(c(nc4c3)-c5occc5)-c6occc6)CC2,regression,strict,train,False,4.939302159646388,inactive
CHEMBL15861,C=CC[C@H](NC(=O)[C@@H]1C[C@@H](Cc2ccc(OC)cc2)c2c(Cl)nc(NCc3cccc(C(F)(F)F)c3)c(=O)n21)B1OC2CC3CC(C3(C)C)[C@@]2(C)O1,N=1C=C2N(CC1NCc3ccccc3)C(CNCB4OC5CC6CC(C6)C5O4)CC2Cc7ccccc7,regression,strict,train,False,7.301029995663981,active
CHEMBL1587715,CN=c1ccc(Br)cc(C(=O)/C=C/c2cccc(Cl)c2Cl)c1O,c1ccc(cc1)C=CCC=2C=CC=CCC2,regression,strict,test,False,5.298950369270861,intermediate
CHEMBL1587683,COc1ccc(OC)c(C2C(C(=O)c3cc4ccccc4o3)=C(O)C(=O)N2c2cc(C)on2)c1,n1occc1N2CC=C(Cc3oc4ccccc4c3)C2c5ccccc5,regression,strict,train,False,5.276790689594889,intermediate
CHEMBL1587849,O=C(Nc1nc(-c2ccco2)c(-c2ccco2)s1)C1CCC1,n1c(sc(-c2occc2)c1-c3occc3)NCC4CCC4,regression,strict,train,False,4.51736934636788,inactive
CHEMBL1589514,COc1ccc(N2C(=O)/C(=C/c3ccco3)C(=O)NC2=S)cc1,o1cccc1C=C2CNCN(c3ccccc3)C2,regression,strict,train,False,5.336204877780593,intermediate
CHEMBL15823,C=CC[C@H](NC(=O)[C@@H]1C[C@@H](Cc2ccc(-c3ccccc3)cc2)c2c(Cl)nc(NCc3cccc(C(F)(F)F)c3)c(=O)n21)B1OC2CC3CC(C3(C)C)[C@@]2(C)O1,N=1C=C2N(CC1NCc3ccccc3)C(CNCB4OC5CC6CC(C6)C5O4)CC2Cc7ccc(cc7)-c8ccccc8,regression,strict,train,False,8.221848749616356,active
CHEMBL159173,C=CCC(NC(=O)[C@H]1CCCN1C(=O)[C@@H](NC(=O)[C@@H](NC(=O)[C@H](CCC(=O)O)NC(=O)[C@@H](N)CC(=O)O)C(C)C)C(C)C)C(=O)C(=O)CC(C)C,N1CCCC1,regression,strict,train,False,5.318758762624412,intermediate
CHEMBL15867,C=CC[C@H](NC(=O)[C@@H]1C[C@@H](CCCc2cccc3ccccc23)c2c(Cl)nc(NCc3ccc(O)c(O)c3)c(=O)n21)B1OC2CC3CC(C3(C)C)[C@@]2(C)O1,N=1C=C2N(CC1NCc3ccccc3)C(CNCB4OC5CC6CC(C6)C5O4)CC2CCCc7cccc8ccccc87,regression,strict,train,False,6.958607314841775,active
CHEMBL1595235,C=CCSC1=N/C(=C\C=C\c2ccco2)C(=O)S1,N1=CSCC1=CC=Cc2occc2,regression,strict,train,False,4.95703092660682,inactive
CHEMBL1594488,Nc1c(C(=O)Nc2ccccc2F)sc2nc(-c3ccco3)ccc12,n1c2sc(cc2ccc1-c3occc3)CNc4ccccc4,regression,strict,train,False,4.440476392942107,inactive
CHEMBL1596969,CCCCOc1ccccc1C(=O)NNC(=S)NC(=O)c1ccccc1[N+](=O)[O-],c1ccc(cc1)CNNCNCc2ccccc2,regression,strict,train,False,4.912999879204009,inactive
CHEMBL1594376,Nc1c(C(=O)NCC2CCCO2)sc2nc3c(c(-c4ccco4)c12)CC/C3=C\c1ccco1,n1c2sc(cc2c(-c3occc3)c4c1C(=Cc5occc5)CC4)CNCC6OCCC6,regression,strict,train,False,5.408045444953265,intermediate
CHEMBL1592326,Cc1ccc(C(=O)C2=C(O)C(=O)N(Cc3cccnc3)C2c2cccc(Oc3ccccc3)c2)o1,n1cccc(c1)CN2CC=C(Cc3occc3)C2c4cccc(Oc5ccccc5)c4,regression,strict,train,False,5.214243200037357,intermediate
CHEMBL1605743,O=c1ccc2c(-c3ccccc3)c3ccc(O)cc3oc-2c1,O1c2ccccc2=C(c3ccccc3)c4ccccc14,regression,strict,test,False,5.131943638176958,intermediate
CHEMBL1600566,Cc1ccc(C2C(C(=O)c3cc4ccccc4o3)=C(O)C(=O)N2c2cc(C)on2)cc1,n1occc1N2CC=C(Cc3oc4ccccc4c3)C2c5ccccc5,regression,strict,train,False,5.603277721496227,intermediate
CHEMBL1605561,COc1ccc(C2C(C(=O)c3cc4ccccc4o3)=C(O)C(=O)N2c2cc(C)on2)cc1OC,n1occc1N2CC=C(Cc3oc4ccccc4c3)C2c5ccccc5,regression,strict,train,False,5.3025962767995125,intermediate
CHEMBL1610160,COc1ccc(C(=O)C2=C(O)C(=O)N(c3ccccn3)C2c2ccc(C(C)C)cc2)cc1,n1ccccc1N2CC=C(Cc3ccccc3)C2c4ccccc4,regression,strict,train,False,5.204885014369637,intermediate
CHEMBL1610408,COc1ccc(C2C(C(=O)c3ccc4c(c3)OCCO4)=C(O)C(=O)N2c2nc(C)c(C(C)=O)s2)cc1,n1ccsc1N2CC=C(Cc3ccc4OCCOc4c3)C2c5ccccc5,regression,strict,train,False,5.290221398151775,intermediate
CHEMBL1611199,Cc1ccc(C(=O)O)cc1-c1ccc(/C=C2\SC(=O)N(CC(=O)Nc3ccccc3)C2=O)o1,o1c(ccc1-c2ccccc2)C=C3SCN(C3)CCNc4ccccc4,regression,strict,train,False,5.268089057883127,intermediate
CHEMBL162786,C=CCC(NC(=O)[C@H]1CCCN1C(=O)[C@@H](NC(=O)[C@@H](NC(=O)[C@H](CCC(=O)OC(C)(C)C)NC(=O)[C@H](CC(=O)OC(C)(C)C)NC(=O)OC(C)(C)C)C(C)C)C(C)C)C(=O)C(=O)OC,N1CCCC1,regression,strict,train,False,4.522878745280337,inactive
CHEMBL16104,C=CC[C@H](NC(=O)[C@@H]1C[C@@H](CCCc2cccc3ccccc23)c2c(Cl)nc(NCc3ccccc3)c(=O)n21)B1OC2CC3CC(C3(C)C)[C@@]2(C)O1,N=1C=C2N(CC1NCc3ccccc3)C(CNCB4OC5CC6CC(C6)C5O4)CC2CCCc7cccc8ccccc87,regression,strict,train,False,6.619788758288394,active
CHEMBL163654,CC[C@H](NC(=O)[C@@H]1C[C@@](C)(NC(=O)Nc2cccc(C(=O)OC)c2)c2ncc(NCc3cccc(C(F)(F)F)c3)c(=O)n21)B1OC2C3CC(C[C@]2(C)O1)C3(C)C,N=1C=C(NCc2ccccc2)CN3C1C(NCNc4ccccc4)CC3CNCB5OC6CC7CC(C7)C6O5,regression,strict,train,False,5.752026733638194,intermediate
CHEMBL163850,CC[C@H](NC(=O)[C@@H]1C[C@@](C)(NC(=O)Nc2ccccc2Cl)c2ncc(NCc3cccc(C(F)(F)F)c3)c(=O)n21)B1OC2C3CC(C[C@]2(C)O1)C3(C)C,N=1C=C(NCc2ccccc2)CN3C1C(NCNc4ccccc4)CC3CNCB5OC6CC7CC(C7)C6O5,regression,strict,train,False,6.431798275933005,active
CHEMBL163853,CC[C@H](NC(=O)[C@@H]1C[C@@](C)(NC(=O)Cc2ccccc2)c2ncc(NCc3cccc(C(F)(F)F)c3)c(=O)n21)B1OC2C3CC(C[C@]2(C)O1)C3(C)C,N=1C=C(NCc2ccccc2)CN3C1C(NCCc4ccccc4)CC3CNCB5OC6CC7CC(C7)C6O5,regression,strict,train,False,5.619788758288394,intermediate
CHEMBL164440,CC[C@H](NC(=O)[C@@H]1C[C@@](C)(CC(=O)Nc2nccc3ccccc23)c2ncc(NCc3cccc(C(F)(F)F)c3)c(=O)n21)B1OC2C3CC(C[C@]2(C)O1)C3(C)C,n1ccc2ccccc2c1NCCC3C4=NC=C(NCc5ccccc5)CN4C(CNCB6OC7CC8CC(C8)C7O6)C3,regression,strict,train,False,6.356547323513812,active
CHEMBL164441,CC[C@H](NC(=O)[C@@H]1C[C@@](C)(NC(=O)Oc2ccccc2)c2ncc(NCc3cccc(C(F)(F)F)c3)c(=O)n21)B1OC2C3CC(C[C@]2(C)O1)C3(C)C,N=1C=C(NCc2ccccc2)CN3C1C(NCOc4ccccc4)CC3CNCB5OC6CC7CC(C7)C6O5,regression,strict,train,False,5.853871964321762,intermediate
CHEMBL164692,CC[C@H](NC(=O)[C@@H]1C[C@@](C)(CC(=O)Nc2ccccc2C(N)=O)c2ncc(NCc3cccc(C(F)(F)F)c3)c(=O)n21)B1OC2C3CC(C[C@]2(C)O1)C3(C)C,N=1C=C(NCc2ccccc2)CN3C1C(CCNc4ccccc4)CC3CNCB5OC6CC7CC(C7)C6O5,regression,strict,train,False,6.823908740944319,active
CHEMBL165275,CCOC(=O)c1ccccc1NC(=O)N[C@]1(C)C[C@@H](C(=O)N[C@@H](CC)B2OC3C4CC(C[C@]3(C)O2)C4(C)C)n2c1ncc(NCc1cccc(C(F)(F)F)c1)c2=O,N=1C=C(NCc2ccccc2)CN3C1C(NCNc4ccccc4)CC3CNCB5OC6CC7CC(C7)C6O5,regression,strict,train,False,7.0,active
CHEMBL165388,CC[C@H](NC(=O)[C@@H]1CCc2ncc(NCc3cccc(C(F)(F)F)c3)c(=O)n21)B1OC2C3CC(C[C@]2(C)O1)C3(C)C,N=1C=C(NCc2ccccc2)CN3C1CCC3CNCB4OC5CC6CC(C6)C5O4,regression,strict,train,False,5.154901959985743,intermediate
CHEMBL166210,CC[C@H](NC(=O)[C@@H]1C[C@@](C)(NC(=O)Nc2ccc(Cl)cc2)c2ncc(NCc3cccc(C(F)(F)F)c3)c(=O)n21)B1OC2C3CC(C[C@]2(C)O1)C3(C)C,N=1C=C(NCc2ccccc2)CN3C1C(NCNc4ccccc4)CC3CNCB5OC6CC7CC(C7)C6O5,regression,strict,train,False,5.958607314841775,intermediate
CHEMBL166087,CC[C@H](NC(=O)[C@@H]1C[C@@](C)(NC(=O)Nc2cccc3ccccc23)c2ncc(NCc3cccc(C(F)(F)F)c3)c(=O)n21)B1OC2C3CC(C[C@]2(C)O1)C3(C)C,N=1C=C(NCc2ccccc2)CN3C1C(NCNc4cccc5ccccc54)CC3CNCB6OC7CC8CC(C8)C7O6,regression,strict,train,False,6.568636235841013,active
CHEMBL167819,CC[C@H](NC(=O)[C@@H]1C[C@@](C)(CC(=O)Nc2ccccc2[N+](=O)[O-])c2ncc(NCc3cccc(C(F)(F)F)c3)c(=O)n21)B1OC2C3CC(C[C@]2(C)O1)C3(C)C,N=1C=C(NCc2ccccc2)CN3C1C(CCNc4ccccc4)CC3CNCB5OC6CC7CC(C7)C6O5,regression,strict,train,False,5.596879478824182,intermediate
CHEMBL167809,CC[C@H](NC(=O)[C@@H]1C[C@@](C)(CC(=O)Nc2cccc3ccccc23)c2ncc(NCc3cccc(C(F)(F)F)c3)c(=O)n21)B1OC2C3CC(C[C@]2(C)O1)C3(C)C,N=1C=C(NCc2ccccc2)CN3C1C(CCNc4cccc5ccccc54)CC3CNCB6OC7CC8CC(C8)C7O6,regression,strict,train,False,6.769551078621726,active
CHEMBL173276,C=CCN1C(=O)/C(=C/c2cc3c(cc2[N+](=O)[O-])OCO3)SC1=S,O1c2ccc(cc2OC1)C=C3SCNC3,regression,strict,train,False,4.3979400086720375,inactive
CHEMBL1734763,O=C1C=CC(=O)N1c1ccccc1N1C(=O)C=CC1=O,c1ccc(c(c1)N2CC=CC2)N3CC=CC3,regression,strict,train,False,4.457797217565972,inactive
CHEMBL167959,CCOC(=O)c1cccc(NC(=O)N[C@]2(C)C[C@@H](C(=O)N[C@@H](CC)B3OC4C5CC(C[C@]4(C)O3)C5(C)C)n3c2ncc(NCc2cccc(C(F)(F)F)c2)c3=O)c1,N=1C=C(NCc2ccccc2)CN3C1C(NCNc4ccccc4)CC3CNCB5OC6CC7CC(C7)C6O5,regression,strict,train,False,5.809668301829708,intermediate
CHEMBL168113,CC[C@H](NC(=O)[C@@H]1C[C@@](C)(CC(=O)Nc2ccccc2)c2ncc(NCc3cccc(C(F)(F)F)c3)c(=O)n21)B1OC2C3CC(C[C@]2(C)O1)C3(C)C,N=1C=C(NCc2ccccc2)CN3C1C(CCNc4ccccc4)CC3CNCB5OC6CC7CC(C7)C6O5,regression,strict,train,False,6.769551078621726,active
CHEMBL175190,C=C[C@@H]1C[C@]1(NC(=O)[C@@H]1C[C@@H](Oc2ccnc3ccccc23)CN1C(=O)[C@@H](NC(=O)[C@@H](NC(C)=O)C1CCCCC1)C(C)C)C(=O)O,n1ccc(OC2CN(CCNCCC3CCCCC3)C(CNC4CC4)C2)c5ccccc15,regression,strict,test,False,6.958607314841775,active
CHEMBL175532,CCCCCCCCCCCCCNC(=O)c1c(O)cc(O)c([N+](=O)[O-])c1O,c1ccccc1,regression,strict,test,False,5.236572006437063,intermediate
CHEMBL175386,C=CC1C[C@]1(NC(=O)[C@@H]1C[C@@H](Oc2cc(-c3ccccc3)nc3ccccc23)CN1C(=O)[C@@H](NC(C)=O)C(C)C)C(=O)O,n1c2ccccc2c(OC3CNC(CNC4CC4)C3)cc1-c5ccccc5,regression,strict,train,False,5.522878745280337,intermediate
CHEMBL175623,CCC(C)[C@H](NC(=O)OCc1ccccc1)C(=O)N[C@@H](CC(C)C)C(=O)NC(CC(F)F)C(=O)C(=O)O,c1ccccc1,regression,strict,test,False,5.769551078621726,intermediate
CHEMBL175888,Nc1nc(=O)c2c(ncn2COCCOCc2ccccc2)c(=O)[nH]1,[N]1C=N[CH]c2c(ncn2COCCOCc3ccccc3)[CH]1,regression,strict,train,False,5.259637310505756,intermediate
CHEMBL175971,CC(C)C[C@H](NC(=O)[C@H](CC(=O)O)NC(=O)[C@H](CC1CCCCC1)NC(=O)[C@@H]1CCCC[C@H]1C(=O)O)C(N)=O,N(CCC1CCCCC1)CC2CCCCC2,regression,strict,train,False,4.823908740944319,inactive
CHEMBL167984,CC[C@H](NC(=O)[C@@H]1C[C@@](C)(NC(=O)Nc2ccccc2Oc2ccccc2)c2ncc(NCc3cccc(C(F)(F)F)c3)c(=O)n21)B1OC2C3CC(C[C@]2(C)O1)C3(C)C,N=1C=C(NCc2ccccc2)CN3C1C(NCNc4ccccc4Oc5ccccc5)CC3CNCB6OC7CC8CC(C8)C7O6,regression,strict,train,False,6.522878745280337,active
CHEMBL1765360,Cc1ccc(C)n1-c1ccc(O)cc1C(=O)O,c1ccc(cc1)-n2cccc2,regression,strict,train,False,4.743522793758324,inactive
CHEMBL177169,CC(=O)N[C@H](C(=O)N[C@H](C(=O)N1C[C@H](Oc2cccc(Br)c2)C[C@H]1C(=O)NC1(C(=O)O)CC1)C(C)C)C1CCCCC1,O(c1ccccc1)C2CN(CCNCCC3CCCCC3)C(CNC4CC4)C2,regression,strict,train,False,4.2839966563652006,inactive
CHEMBL177820,Brc1c(Br)c(Br)c2[nH]nnc2c1Br,n1nc2ccccc2[nH]1,regression,strict,train,False,4.698970004336019,inactive
CHEMBL175948,C=C[C@H]1C[C@]1(NC(=O)[C@@H]1C[C@@H](Oc2cc(-c3ccccc3)nc3ccccc23)CN1C(=O)[C@@H](NC(=O)[C@@H](NC(C)=O)C1CCCCC1)C(C)C)C(=O)O,n1c2ccccc2c(OC3CN(CCNCCC4CCCCC4)C(CNC5CC5)C3)cc1-c6ccccc6,regression,strict,train,False,7.886056647693163,active
CHEMBL177480,CC(=O)N[C@H](C(=O)N[C@H](C(=O)N1C[C@H](Oc2cccc(-c3ccccc3)c2)C[C@H]1C(=O)NC1(C(=O)O)CC1)C(C)C)C1CCCCC1,O(c1cccc(c1)-c2ccccc2)C3CN(CCNCCC4CCCCC4)C(CNC5CC5)C3,regression,strict,train,False,5.207608310501746,intermediate
CHEMBL1790281,CC[C@H](C)[C@H](NC(=O)[C@H](CC(=O)O)NC(=O)[C@H](CC(=O)O)NC(C)=O)C(=O)N[C@H](C(=O)N1CCC[C@H]1C(=O)N[C@@H](CO)C(=O)O)C(C)C,N1CCCC1,regression,strict,train,False,3.0,inactive
CHEMBL1790282,CC[C@H](C)[C@H](NC(=O)[C@H](CC(=O)O)NC(=O)[C@H](CC(=O)O)NC(C)=O)C(=O)N[C@H](C(=O)N1CCC[C@H]1C(=O)N[C@H](C(=O)O)C(C)(C)S)C(C)C,N1CCCC1,regression,strict,train,False,3.2006594505464183,inactive
CHEMBL1790286,CC[C@H](C)[C@H](NC(=O)[C@H](CC(=O)O)NC(=O)[C@H](CC(=O)O)NC(C)=O)C(=O)N[C@H](C(=O)N[C@@H](C)C(=O)N[C@@H](CS)C(=O)O)C(C)C,NO_SCAFFOLD,regression,strict,test,False,4.031517051446065,inactive
CHEMBL1790283,CC[C@H](C)[C@H](NC(=O)[C@H](CC(=O)O)NC(=O)[C@H](CC(=O)O)NC(C)=O)C(=O)N[C@H](C(=O)N1CCC[C@H]1C(=O)N[C@@H](CCSC)C(=O)O)C(C)C,N1CCCC1,regression,strict,train,False,3.3010299956639813,inactive
CHEMBL1790289,CC[C@H](C)[C@H](NC(=O)[C@@H](NC(=O)[C@H](CC(=O)O)NC(C)=O)C(C)C)C(=O)N[C@H](C(=O)N1CCC[C@H]1C(=O)N[C@@H](CS)C(=O)O)C(C)C,N1CCCC1,regression,strict,train,False,4.2839966563652006,inactive
CHEMBL1790291,CC[C@H](C)[C@H](NC(=O)[C@H](CC(=O)O)NC(=O)CCC(=O)O)C(=O)N[C@H](C(=O)N1CCC[C@H]1C(=O)N[C@@H](CS)C(=O)O)C(C)C,N1CCCC1,regression,strict,train,False,4.481486060122112,inactive
CHEMBL1790295,CC[C@H](C)[C@H](NC(=O)[C@H](CC(=O)O)NC(=O)[C@H](CC(=O)O)NC(C)=O)C(=O)N[C@H](C(=O)N1CCC[C@H]1C(=O)N[C@@H](C)C(=O)O)C(C)C,N1CCCC1,regression,strict,train,False,3.1487416512809245,inactive
CHEMBL1790296,CC[C@H](C)[C@H](NC(=O)[C@H](CC(=O)O)NC(=O)[C@H](CC(=O)O)NC(C)=O)C(=O)N[C@H](C(=O)N1CCC[C@H]1C(=O)N[C@@H](CN)C(=O)O)C(C)C,N1CCCC1,regression,strict,train,False,3.0,inactive
CHEMBL1790297,CC[C@H](C)[C@H](NC(=O)[C@H](CC(=O)O)NC(=O)[C@H](CC(=O)O)NC(C)=O)C(=O)N[C@H](C(=O)N1CCC[C@H]1C(=O)N[C@@H](CSC)C(=O)O)C(C)C,N1CCCC1,regression,strict,train,False,3.795880017344075,inactive
CHEMBL1790298,CC[C@H](C)[C@H](NC(=O)[C@H](CC(=O)O)NC(=O)[C@H](CC(=O)O)NC(C)=O)C(=O)N[C@@H](C)C(=O)N1CCC[C@H]1C(=O)N[C@@H](CS)C(=O)O,N1CCCC1,regression,strict,train,False,3.050609993355087,inactive
CHEMBL1790299,CC[C@H](C)[C@H](NC(=O)CCC(=O)O)C(=O)N[C@H](C(=O)N1CCC[C@H]1C(=O)N[C@@H](CS)C(=O)O)C(C)C,N1CCCC1,regression,strict,train,False,3.0809219076239263,inactive
CHEMBL1790300,CC[C@H](C)[C@H](NC(=O)[C@H](C)NC(=O)[C@H](CC(=O)O)NC(C)=O)C(=O)N[C@H](C(=O)N1CCC[C@H]1C(=O)N[C@@H](CS)C(=O)O)C(C)C,N1CCCC1,regression,strict,train,False,3.853871964321762,inactive
CHEMBL1790303,CC[C@H](C)[C@H](NC(=O)[C@H](CC(=O)O)NC(=O)[C@@H](N)CC(=O)O)C(=O)N[C@H](C(=O)N1CCC[C@H]1C(=O)N[C@@H](CS)C(=O)O)C(C)C,N1CCCC1,regression,strict,train,False,4.1487416512809245,inactive
CHEMBL176355,CCOC(=O)CN1C(=O)/C(=C(\C)c2cccc(OC(=O)N[C@@H](CC(C)C)C(=O)N(CCN(Cc3ccc(C(=O)OC)cc3)Cc3ccc(C(=O)OC)cc3)Cc3ccc(Cl)cc3)c2)SC1=S,O(c1cccc(c1)C=C2SCNC2)CNCCN(Cc3ccccc3)CCN(Cc4ccccc4)Cc5ccccc5,regression,strict,train,False,4.795880017344075,inactive
CHEMBL1790304,CC[C@H](C)[C@H](NC(=O)[C@H](CC(=O)O)NC(C)=O)C(=O)N[C@H](C(=O)N1CCC[C@H]1C(=O)N[C@@H](CS)C(=O)O)C(C)C,N1CCCC1,regression,strict,train,False,3.886056647693163,inactive
CHEMBL1790302,CC[C@H](C)[C@H](NC(=O)[C@H](CC(=O)O)NC(=O)[C@H](CC(=O)O)NC(=O)CNC(=O)[C@H](C)NC(=O)[C@H](CCC(=O)O)NC(=O)CN)C(=O)N[C@H](C(=O)N1CCC[C@H]1C(=O)N[C@@H](CS)C(=O)O)C(C)C,N1CCCC1,regression,strict,train,False,4.2839966563652006,inactive
CHEMBL1790305,CC[C@H](C)[C@H](NC(=O)[C@H](CC(=O)O)NC(=O)[C@H](C)NC(C)=O)C(=O)N[C@H](C(=O)N1CCC[C@H]1C(=O)N[C@@H](CS)C(=O)O)C(C)C,N1CCCC1,regression,strict,train,False,3.6989700043360183,inactive
CHEMBL179197,CCCC(=O)c1cc2c(c(O)c1C)C(=O)C(=O)c1c(O)cccc1-2,c1ccc2c(c1)-c3ccccc3CC2,regression,strict,train,False,5.154901959985743,intermediate
CHEMBL1790526,CC[C@@H](C)[C@H](NC(=O)CCC(=O)O)C(=O)N[C@H](C(=O)N1C[C@H](OCc2cccc3ccccc23)C[C@H]1C(=O)NC1(C(=O)O)CC1)C(C)C,O(Cc1cccc2ccccc21)C3CNC(CNC4CC4)C3,regression,strict,train,False,5.259637310505756,intermediate
CHEMBL1790527,CCC[C@H](NC(=O)[C@@H]1C[C@@H](OCc2cccc3ccccc23)CN1C(=O)[C@@H](NC(=O)[C@@H](NC(=O)CCC(=O)O)[C@H](C)CC)C(C)C)C(=O)O,O(Cc1cccc2ccccc21)C3CNCC3,regression,strict,train,False,4.657577319177793,inactive
CHEMBL179818,CCCCCCCCCCCCCCCCC/C(=C1\SC(=S)N(CC(=O)O)C1=O)c1ccccc1,S1C(=Cc2ccccc2)CNC1,regression,strict,test,False,5.638272163982407,intermediate
CHEMBL183074,CC[C@H](C)[C@H](NC(=O)[C@H](CC(C)C)NC(=O)c1cnccn1)C(=O)N[C@@H](CC1CCCCC1)C(=O)N[C@@H](CC(F)F)C(=O)C(=O)NCc1nn[nH]n1,n1nc(n[nH]1)CNCCCNCC(NCCNCCNCc2nccnc2)CC3CCCCC3,regression,strict,train,False,7.397940008672037,active
CHEMBL185754,CC[C@H](NC(=O)[C@H](CC1CCCCC1)NC(=O)[C@@H](NC(=O)[C@H](CC(C)C)NC(=O)c1cnccn1)[C@@H](C)CC)C(=O)C(=O)NCS(=O)(=O)O,n1ccnc(c1)CNCCNCCNCCC2CCCCC2,regression,strict,train,False,6.657577319177793,active
CHEMBL187449,CC[C@H](NC(=O)[C@H](CC1CCCCC1)NC(=O)[C@@H](NC(=O)[C@H](CC(C)C)NC(=O)c1cnccn1)[C@@H](C)CC)C(=O)C(=O)NCc1nn[nH]n1,n1nc(n[nH]1)CNCCCNCC(NCCNCCNCc2nccnc2)CC3CCCCC3,regression,strict,test,False,6.337242168318426,active
CHEMBL187493,CC[C@H](NC(=O)[C@H](CC1CCCCC1)NC(=O)[C@@H](NC(=O)[C@H](CC(C)C)NC(=O)c1cnccn1)[C@@H](C)CC)C(=O)C(=O)NCC(=O)NS(=O)(=O)c1cccc([N+](=O)[O-])c1,n1ccnc(c1)CNCCNCCNC(CNCCCNCCNSc2ccccc2)CC3CCCCC3,regression,strict,train,False,6.3872161432802645,active
CHEMBL187516,CC[C@H](NC(=O)[C@H](CC1CCCCC1)NC(=O)[C@@H](NC(=O)[C@H](CC(C)C)NC(=O)c1cnccn1)[C@@H](C)CC)C(=O)C(=O)NCC(=O)NS(=O)(=O)c1ccc2ccccc2c1,n1ccnc(c1)CNCCNCCNC(CNCCCNCCNSc2ccc3ccccc3c2)CC4CCCCC4,regression,strict,train,False,5.920818753952375,intermediate
CHEMBL187517,CC[C@H](NC(=O)[C@H](CC1CCCCC1)NC(=O)[C@@H](NC(=O)[C@H](CC(C)C)NC(=O)c1cnccn1)[C@@H](C)CC)C(=O)C(=O)NCC(=O)NS(=O)(=O)c1cccc(Cl)c1,n1ccnc(c1)CNCCNCCNC(CNCCCNCCNSc2ccccc2)CC3CCCCC3,regression,strict,train,False,6.6020599913279625,active
CHEMBL187619,CC[C@H](NC(=O)[C@H](CC1CCCCC1)NC(=O)[C@@H](NC(=O)[C@H](CC(C)C)NC(=O)c1cnccn1)[C@@H](C)CC)C(=O)C(=O)NCC(=O)NS(=O)(=O)Cc1ccccc1,n1ccnc(c1)CNCCNCCNC(CNCCCNCCNSCc2ccccc2)CC3CCCCC3,regression,strict,train,False,4.920818753952375,inactive
CHEMBL187781,CC[C@H](NC(=O)[C@H](CC1CCCCC1)NC(=O)[C@@H](NC(=O)[C@H](CC(C)C)NC(=O)c1cnccn1)[C@@H](C)CC)C(=O)C(=O)NCC(=O)NS(=O)(=O)c1cc(Cl)cc(Cl)c1,n1ccnc(c1)CNCCNCCNC(CNCCCNCCNSc2ccccc2)CC3CCCCC3,regression,strict,train,False,6.886056647693163,active
CHEMBL188238,CC[C@H](NC(=O)[C@H](CC1CCCCC1)NC(=O)[C@@H](NC(=O)[C@H](CC(C)C)NC(=O)c1cnccn1)[C@@H](C)CC)C(=O)C(=O)NCC(=O)NS(=O)(=O)c1ccccc1,n1ccnc(c1)CNCCNCCNC(CNCCCNCCNSc2ccccc2)CC3CCCCC3,regression,strict,train,False,5.050609993355087,intermediate
CHEMBL188450,CC[C@H](NC(=O)[C@H](CC1CCCCC1)NC(=O)[C@@H](NC(=O)[C@H](CC(C)C)NC(=O)c1cnccn1)[C@@H](C)CC)C(=O)C(=O)NCC(=O)NS(=O)(=O)c1nnc(NC(C)=O)s1,n1nc(sc1)SNCCNCCCNCC(NCCNCCNCc2nccnc2)CC3CCCCC3,regression,strict,train,False,6.6020599913279625,active
CHEMBL188984,CCCCCC(=O)Nc1nnc(S(=O)(=O)NC(=O)CNC(=O)C(=O)[C@H](CC(F)F)NC(=O)[C@H](CC2CCCCC2)NC(=O)[C@@H](NC(=O)[C@H](CC(C)C)NC(=O)c2cnccn2)[C@@H](C)CC)s1,n1nc(sc1)SNCCNCCCNCC(NCCNCCNCc2nccnc2)CC3CCCCC3,regression,strict,test,False,7.698970004336019,active
CHEMBL188449,CC[C@H](C)[C@H](NC(=O)[C@H](CC(C)C)NC(=O)c1cnccn1)C(=O)N[C@@H](CC1CCCCC1)C(=O)N[C@@H](CC(F)F)C(=O)C(=O)NCC(=O)NS(=O)(=O)c1cccc(-c2ccccc2)c1,n1ccnc(c1)CNCCNCCNC(CNCCCNCCNSc2cccc(c2)-c3ccccc3)CC4CCCCC4,regression,strict,train,False,7.221848749616356,active
CHEMBL1971815,CCOc1ccc(/C=c2\sc3nc(-c4ccco4)nn3c2=O)cc1OCC,n1c(nn2c1SC(=Cc3ccccc3)C2)-c4occc4,regression,strict,train,False,4.606494991410039,inactive
CHEMBL1982808,C/C(=N\NC(N)=S)c1cc(-c2ccccc2)c(-c2ccccc2)s1,s1ccc(-c2ccccc2)c1-c3ccccc3,regression,strict,train,False,5.109299602301125,intermediate
CHEMBL189038,CC[C@H](C)[C@H](NC(=O)[C@H](CC(C)C)NC(=O)c1cnccn1)C(=O)N[C@@H](CC1CCCCC1)C(=O)N[C@@H](CC(F)F)C(=O)C(=O)NCC(=O)NS(=O)(=O)c1nnc(NC(=O)c2ccc(Cl)cc2)s1,n1nc(sc1SNCCNCCCNCC(NCCNCCNCc2nccnc2)CC3CCCCC3)NCc4ccccc4,regression,strict,train,False,7.698970004336019,active
CHEMBL1991888,Oc1c(Cl)cc(Cl)cc1/C=N/NC(=S)NC1CC2C=CC1C2,N(=Cc1ccccc1)NCNC2CC3C=CC2C3,regression,strict,train,False,5.085656842880559,intermediate
CHEMBL1986090,NC(=S)N/N=C/c1ccc(C23CC4CC(CC(C4)C2)C3)cc1,c1ccc(cc1)C23CC4CC(CC(C4)C2)C3,regression,strict,train,False,5.266561972908939,intermediate
CHEMBL189098,CC[C@H](NC(=O)[C@H](CC1CCCCC1)NC(=O)[C@@H](NC(=O)[C@H](CC(C)C)NC(=O)c1cnccn1)[C@@H](C)CC)C(=O)C(=O)NCC(=O)NS(=O)(=O)c1ccc(-c2ccccc2)cc1,n1ccnc(c1)CNCCNCCNC(CNCCCNCCNSc2ccc(cc2)-c3ccccc3)CC4CCCCC4,regression,strict,train,False,5.619788758288394,intermediate
CHEMBL210593,Cc1cc(S(=O)(=O)N2CCC[C@H]2C(=O)O)c(N)cc1Cl,S(c1ccccc1)N2CCCC2,regression,strict,train,False,4.1249387366083,inactive
CHEMBL212723,Cc1ccc(C)n1-c1ccc(C(=O)O)c(O)c1,c1ccc(cc1)-n2cccc2,regression,strict,train,False,5.732828271596986,intermediate
CHEMBL2105735,C=C[C@@H]1C[C@]1(NC(=O)[C@@H]1C[C@@H](Oc2ncc(OC)c3ccc(Cl)cc23)CN1C(=O)[C@@H](NC(=O)OC(C)(C)C)C(C)(C)C)C(=O)NS(=O)(=O)C1CC1,n1ccc2ccccc2c1OC3CNC(CNC4(CNSC5CC5)CC4)C3,regression,strict,train,False,8.920818753952375,active
CHEMBL222822,CC(C)C[C@H](NC(=O)C1(Cc2ccc(Cl)s2)Cc2ccccc2N1)C(=O)NC(CC(F)F)C(=O)C(=O)O,s1cccc1CC2Nc3ccccc3C2,regression,strict,train,False,5.431798275933005,intermediate
CHEMBL2368688,N=c1nc(N)c2ncn([C@H]3O[C@@H](COP(=O)(O)OP(=O)(O)OP(=O)([O-])O)[C@H](O)[C@@H]3O)c2c(N)n1.[Na+],N=1[CH]N=Cc2c(ncn2C3OCCC3)C1,regression,strict,train,False,6.259637310505756,active
CHEMBL2368690,CCN(CC)CC.CCN(CC)CC.O=C1NNC(=O)c2c(ncn2[C@H]2O[C@@H](COP(=O)(O)OP(=O)(O)OP(=O)(O)O)[C@H](O)[C@@H]2O)N1,n1cn(c2c1NCNNC2)C3OCCC3,regression,strict,train,False,5.823908740944319,intermediate
CHEMBL2369570,CC[C@@H](C)[C@@H](NC(=O)[C@H](CC(=O)O)NC(=O)[C@H](CC(=O)O)NC(C)=O)C(=O)N[C@H](C(=O)N1CCC[C@H]1C(=O)N[C@@H](CS)C(=O)O)C(C)C,N1CCCC1,regression,strict,train,False,3.096910013008056,inactive
CHEMBL216441,CCCC[C@H](NC(=O)[C@H](CC(C)C)NC(=O)[C@@H](NC(=O)[C@H](Cc1ccccc1C)NC(=O)[C@H](CCC(=O)O)NC(=O)[C@H](CC(=O)O)NC(=O)CCC(=O)O)C(C)(C)C)C(=O)C(=O)N[C@@H](CC)c1ccccc1,c1ccc(cc1)CNCCCNCCNCCNCCCc2ccccc2,regression,strict,train,False,7.958607314841775,active
CHEMBL2369571,CC[C@H](C)[C@H](NC(=O)[C@@H](NC(=O)[C@H](CC(=O)O)NC(C)=O)C(C)(C)C)C(=O)N[C@H](C(=O)N1CCC[C@H]1C(=O)N[C@@H](CS)C(=O)O)C(C)C,N1CCCC1,regression,strict,train,False,4.698970004336019,inactive
CHEMBL2370476,CC[C@H](C)[C@H](NC(=O)[C@@H](CC(=O)O)NC(=O)[C@H](CC(=O)O)NC(C)=O)C(=O)N[C@H](C(=O)N1CCC[C@H]1C(=O)N[C@@H](CS)C(=O)O)C(C)C,N1CCCC1,regression,strict,train,False,5.3979400086720375,intermediate
CHEMBL2371300,CC[C@H](C)[C@H](NC(=O)OC(C)(C)C)C(=O)N[C@@H](CC(C)C)C(=O)N[C@@H](CC(F)F)C(=O)C(=O)O,NO_SCAFFOLD,regression,strict,test,False,6.0,intermediate
CHEMBL1791289,CCCC[C@H](NC(=O)[C@H]1Cc2ccccc2CN1C(=O)[C@H](CS)NC(=O)[C@H](CC1CCCCC1)NC(=O)[C@@H](NC(=O)[C@@H](NC(=O)[C@H](CCC(=O)O)NC(=O)[C@H](CC(=O)O)NC(C)=O)C(c1ccccc1)c1ccccc1)[C@H](C)CC)C(=O)N[C@@H](CO)C(=O)N[C@@H](Cc1ccc(O)cc1)C(N)=O,c1ccc(cc1)CCNCCNCCNCC2N(Cc3ccccc3C2)CCNCC(NCCNCCC(c4ccccc4)c5ccccc5)CC6CCCCC6,regression,strict,train,False,7.0,active
CHEMBL2371716,CCC(C)[C@H](NC(=O)[C@H](CC(=O)O)NC(=O)[C@H](CC(=O)O)NC(C)=O)C(=O)N[C@H](C(=O)N1CCC[C@@H]1C(=O)N[C@@H](CS)C(=O)O)C(C)C,N1CCCC1,regression,strict,train,False,4.1487416512809245,inactive
CHEMBL2371721,CC(=O)N[C@@H](CC(=O)O)C(=O)N[C@@H](CCC(=O)O)C(=O)N[C@@H](CC1CCCCC1)C(=O)N[C@H](C(=O)N1C[C@H](OCc2ccccc2)C[C@H]1C(=O)N[C@@H](CS)C(=O)O)C(C)C,O(Cc1ccccc1)C2CN(CCNCCCC3CCCCC3)CC2,regression,strict,train,False,7.481486060122112,active
CHEMBL2369715,CCCC[C@H](NC(=O)[C@H]1CCCN1C(=O)[C@H](CS)NC(=O)[C@H](CC1CCCCC1)NC(=O)[C@@H](NC(=O)[C@@H](NC(=O)[C@H](CCC(=O)O)NC(=O)[C@H](CC(=O)O)NC(C)=O)C(c1ccccc1)c1ccccc1)[C@@H](C)CC)C(=O)N[C@@H](CC(=O)O)C(=O)N[C@H](C(N)=O)C(C)C,c1ccc(cc1)C(c2ccccc2)CCNCCNC(CNCCN3CCCC3)CC4CCCCC4,regression,strict,train,False,5.7447274948966935,intermediate
CHEMBL2372765,CC[C@H](C)[C@H](NC(=O)[C@H](CC(=O)O)NC(=O)[C@H](CC(=O)O)NC(C)=O)C(=O)N[C@H](C(=O)N1CCC[C@H]1C(=O)N[C@H](CS)C(=O)O)C(C)C,N1CCCC1,regression,strict,train,False,3.4814860601221125,inactive
CHEMBL2372766,CC[C@H](C)[C@H](NC(=O)[C@H](CC(=O)O)NC(=O)[C@H](CC(=O)O)NC(C)=O)C(=O)N[C@@H](C(=O)N1CCC[C@H]1C(=O)N[C@@H](CS)C(=O)O)C(C)C,N1CCCC1,regression,strict,train,False,3.0809219076239263,inactive
CHEMBL2372768,CC[C@H](C)[C@H](NC(=O)[C@H](CC(=O)O)NC(=O)[C@@H](CC(=O)O)NC(C)=O)C(=O)N[C@H](C(=O)N1CCC[C@H]1C(=O)N[C@@H](CS)C(=O)O)C(C)C,N1CCCC1,regression,strict,train,False,4.3979400086720375,inactive
CHEMBL2372769,CC[C@H](C)[C@H](NC(=O)[C@@H](CC(=O)O)NC(=O)[C@H](C)NC(C)=O)C(=O)N[C@H](C(=O)N1CCC[C@H]1C(=O)N[C@@H](CS)C(=O)O)C(C)C,N1CCCC1,regression,strict,train,False,3.6989700043360183,inactive
CHEMBL2372770,CC[C@H](C)[C@H](NC(=O)[C@@H](CC(=O)O)NC(=O)CCC(=O)O)C(=O)N[C@H](C(=O)N1CCC[C@H]1C(=O)N[C@@H](CS)C(=O)O)C(C)C,N1CCCC1,regression,strict,train,False,4.119186407719209,inactive
CHEMBL2372771,CC[C@H](C)[C@H](NC(=O)[C@H](NC(=O)[C@H](CC(=O)O)NC(C)=O)C(C)C)C(=O)N[C@H](C(=O)N1CCC[C@H]1C(=O)N[C@@H](CS)C(=O)O)C(C)C,N1CCCC1,regression,strict,train,False,5.1249387366083,intermediate
CHEMBL2369716,CC[C@H](C)[C@H](NC(=O)[C@@H](NC(=O)[C@H](CCC(=O)O)NC(=O)[C@H](CC(=O)O)NC(C)=O)C(c1ccccc1)c1ccccc1)C(=O)N[C@@H](CC1CCCCC1)C(=O)N[C@@H](CS)C(=O)N1CCC[C@@H]1C(=O)N[C@@H](CC1CCCCC1)C(=O)N[C@@H](CC(=O)O)C(=O)N[C@H](C(N)=O)C(C)C,c1ccc(cc1)C(c2ccccc2)CCNCCNC(CNCCN3CCCC3CNCCC4CCCCC4)CC5CCCCC5,regression,strict,train,False,5.886056647693163,intermediate
CHEMBL265531,CCC[C@H](NC(=O)[C@@H]1C[C@@H](OCc2ccccc2)CN1C(=O)[C@@H](NC(=O)[C@@H](NC(=O)[C@H](CC(=O)O)NC(=O)[C@H](CC(=O)O)NC(C)=O)[C@@H](C)CC)C(C)C)C(=O)O,O(Cc1ccccc1)C2CNCC2,regression,strict,train,False,5.154901959985743,intermediate
CHEMBL273360,CCC[C@H](NC(=O)[C@@H]1C[C@H](OCc2ccccc2)CN1C(=O)[C@@H](NC(=O)[C@@H](NC(=O)[C@H](CC(=O)O)NC(=O)[C@H](CC(=O)O)NC(C)=O)[C@@H](C)CC)C(C)C)C(=O)O,O(Cc1ccccc1)C2CNCC2,regression,strict,train,False,3.686132779630847,inactive
CHEMBL275290,CC[C@H](C)[C@H](NC(=O)[C@H](CC(C)C)NC(=O)c1cnccn1)C(=O)N[C@@H](CC1CCCCC1)C(=O)N[C@@H](CC(F)F)C(=O)C(=O)NCC(=O)O,n1ccnc(c1)CNCCNCCNCCC2CCCCC2,regression,strict,train,False,7.221848749616356,active
CHEMBL274985,C=CC[C@H](NC(=O)[C@@H]1C[C@@H](CCCc2cccc3ccccc23)c2c(Cl)nc(N)c(=O)n21)B1OC2CC3CC(C3(C)C)[C@@]2(C)O1,N=1C=C2N(CC1)C(CNCB3OC4CC5CC(C5)C4O3)CC2CCCc6cccc7ccccc76,regression,strict,train,False,6.721246399047171,active
CHEMBL274721,C=CC[C@H](NC(=O)[C@@H]1C[C@H](CCCc2ccccc2)c2c(Cl)nc(NCc3cccc(C(F)(F)F)c3)c(=O)n21)B1OC2CC3CC(C3(C)C)[C@@]2(C)O1,N=1C=C2N(CC1NCc3ccccc3)C(CNCB4OC5CC6CC(C6)C5O4)CC2CCCc7ccccc7,regression,strict,train,False,5.698970004336019,intermediate
CHEMBL2371723,CC[C@H](C)[C@H](NC(=O)[C@H](CCCN=C(N)N)NC(=O)CNC(=O)[C@@H](NC(=O)[C@@H](NC(=O)[C@@H](NC(=O)[C@@H](NC(=O)[C@@H](N)CS)C(C)C)C(C)C)[C@@H](C)CC)C(C)C)C(=O)N[C@H](C(=O)N[C@@H](CC(C)C)C(=O)N[C@@H](CO)C(=O)NCC(=O)N[C@@H](CCCCN)C(=O)NCCCC[C@H](NC(=O)CCCCCNC(=O)[C@H](CS)NC(=O)[C@H](CS)NC(=O)[C@@H](NC(=O)[C@@H](NC(=O)[C@H](CC(=O)O)NC(=O)[C@@H](N)CCC(=O)O)C(C)C)C(C)C)C(=O)O)C(C)C,NO_SCAFFOLD,regression,strict,train,False,5.522878745280337,intermediate
CHEMBL276280,CC[C@H](NC(=O)[C@@H]1C[C@@H](CCCc2ccc3ccccc3c2)c2c(Cl)nc(NCc3cccc(C(F)(F)F)c3)c(=O)n21)B1OC2CC3CC(C3(C)C)[C@@]2(C)O1,N=1C=C2N(CC1NCc3ccccc3)C(CNCB4OC5CC6CC(C6)C5O4)CC2CCCc7ccc8ccccc8c7,regression,strict,test,False,7.698970004336019,active
CHEMBL277838,C=CC[C@H](NC(=O)[C@@H]1C[C@@H](CCCc2cccc3ccccc23)c2c(Cl)nc(NCc3ccccn3)c(=O)n21)B1OC2CC3CC(C3(C)C)[C@@]2(C)O1,n1ccccc1CNC2=NC=C3N(C2)C(CNCB4OC5CC6CC(C6)C5O4)CC3CCCc7cccc8ccccc87,regression,strict,train,False,7.045757490560675,active
CHEMBL276504,C=CC[C@H](NC(=O)[C@@H]1C[C@@H](CCCc2ccc3ccccc3c2)c2c(Cl)nc(NCc3cccc(C(F)(F)F)c3)c(=O)n21)B1OC2CC3CC(C3(C)C)[C@@]2(C)O1,N=1C=C2N(CC1NCc3ccccc3)C(CNCB4OC5CC6CC(C6)C5O4)CC2CCCc7ccc8ccccc8c7,regression,strict,test,False,7.698970004336019,active
CHEMBL277953,C=CC[C@H](NC(=O)[C@@H]1C[C@@H](Cc2cccc(C)c2)c2c(Cl)nc(NCc3cccc(C(F)(F)F)c3)c(=O)n21)B1OC2CC3CC(C3(C)C)[C@@]2(C)O1,N=1C=C2N(CC1NCc3ccccc3)C(CNCB4OC5CC6CC(C6)C5O4)CC2Cc7ccccc7,regression,strict,train,False,6.3979400086720375,active
CHEMBL278479,C=CC[C@H](NC(=O)[C@@H]1C[C@@H](CCCc2cccc3ccccc23)c2c(Cl)nc(NCCCC)c(=O)n21)B1OC2CC3CC(C3(C)C)[C@@]2(C)O1,N=1C=C2N(CC1)C(CNCB3OC4CC5CC(C5)C4O3)CC2CCCc6cccc7ccccc76,regression,strict,train,False,6.795880017344075,active
CHEMBL278637,C=CC[C@H](NC(=O)[C@@H]1C[C@@H](Cc2ccc(C)cc2)c2c(Cl)nc(NCc3cccc(C(F)(F)F)c3)c(=O)n21)B1OC2CC3CC(C3(C)C)[C@@]2(C)O1,N=1C=C2N(CC1NCc3ccccc3)C(CNCB4OC5CC6CC(C6)C5O4)CC2Cc7ccccc7,regression,strict,train,False,7.221848749616356,active
CHEMBL278400,C=CC[C@H](NC(=O)[C@@H]1C[C@H](CCCc2ccc3ccccc3c2)c2c(Cl)nc(NCc3cccc(C(F)(F)F)c3)c(=O)n21)B1OC2CC3CC(C3(C)C)[C@@]2(C)O1,N=1C=C2N(CC1NCc3ccccc3)C(CNCB4OC5CC6CC(C6)C5O4)CC2CCCc7ccc8ccccc8c7,regression,strict,test,False,6.292429823902063,active
CHEMBL278710,C=CC[C@H](NC(=O)[C@@H]1C[C@@H](CCCc2cccc3ccccc23)c2c(Cl)nc(NCc3cccc(C(F)(F)F)c3)c(=O)n21)B1OC2CC3CC(C3(C)C)[C@@]2(C)O1,N=1C=C2N(CC1NCc3ccccc3)C(CNCB4OC5CC6CC(C6)C5O4)CC2CCCc7cccc8ccccc87,regression,strict,train,False,8.698970004336019,active
CHEMBL294018,O=C1C=C2C(=CCOC2O)O1,O1C2=CCOCC2=CC1,regression,strict,train,False,5.42021640338319,intermediate
CHEMBL278908,CC(C)[C@H](NC(=O)[C@H](CCC(=O)O)NC(=O)[C@@H](N)CC(=O)O)C(=O)N[C@H](C(=O)N1CCC[C@@H]1C(=O)N[C@@H](CCc1cc(F)ccc1F)B1O[C@@H]2C[C@@H]3C[C@@H](C3(C)C)[C@]2(C)O1)C(C)C,O1B(OC2C1CC3CC2C3)C(NCC4NCCC4)CCc5ccccc5,regression,strict,test,False,6.031517051446065,active
CHEMBL295605,CC[C@H](C)[C@H](NC(=O)[C@H](CC(=O)O)NC(=O)[C@H](CC(=O)O)NC(C)=O)C(=O)N[C@H](C(=O)N1CCC[C@H]1C(=O)N[C@@H](CS)C(=O)O)C(C)C,N1CCCC1,regression,strict,train,False,4.552841968657781,inactive
CHEMBL279813,C=CC[C@H](NC(=O)[C@@H]1C[C@@H](CCCc2ccccc2)c2c(Cl)nc(NCc3cccc(C(F)(F)F)c3)c(=O)n21)B1OC2CC3CC(C3(C)C)[C@@]2(C)O1,N=1C=C2N(CC1NCc3ccccc3)C(CNCB4OC5CC6CC(C6)C5O4)CC2CCCc7ccccc7,regression,strict,test,False,7.221848749616356,active
CHEMBL280301,C=CC[C@H](NC(=O)[C@@H]1C[C@@H](CCCc2cccc3ccccc23)c2c(Cl)nc(NCCC)c(=O)n21)B1OC2CC3CC(C3(C)C)[C@@]2(C)O1,N=1C=C2N(CC1)C(CNCB3OC4CC5CC(C5)C4O3)CC2CCCc6cccc7ccccc76,regression,strict,train,False,6.7447274948966935,active
CHEMBL298641,CC(=O)N[C@@H](CC(=O)O)C(=O)N[C@@H](CC(=O)O)C(=O)N[C@@H](C)C(=O)N[C@H](C(=O)N1CCC[C@H]1C(=O)N[C@@H](CS)C(=O)O)C(C)C,N1CCCC1,regression,strict,train,False,3.2365720064370627,inactive
CHEMBL306026,CCC[C@H](NC(=O)[C@@H]1C[C@@H](O)CN1C(=O)[C@@H](NC(=O)[C@@H](NC(=O)[C@H](CC(=O)O)NC(=O)[C@H](CC(=O)O)NC(C)=O)[C@@H](C)CC)C(C)C)C(=O)O,N1CCCC1,regression,strict,train,False,4.031517051446065,inactive
CHEMBL305491,CCC[C@H](NC(=O)[C@@H]1C[C@@H](OCc2ccc3ccccc3c2)CN1C(=O)[C@@H](NC(=O)[C@@H](NC(=O)[C@H](CC(=O)O)NC(=O)[C@H](CC(=O)O)NC(C)=O)[C@@H](C)CC)C(C)C)C(=O)O,O(Cc1ccc2ccccc2c1)C3CNCC3,regression,strict,train,False,6.1487416512809245,active
CHEMBL298210,O=C(CCCCC(=O)Nc1ccc(-c2nc3ccccc3[nH]2)cc1)Nc1ccc(-c2nc3ccccc3[nH]2)cc1,N1=C([N]c2ccccc12)c3ccc(cc3)NCCCCCCNc4ccc(cc4)-c5nc6ccccc6[nH]5,regression,strict,train,False,6.154901959985743,active
CHEMBL297884,COc1ccc2c(O[C@@H]3C[C@H]4C(=O)N[C@]5(C(=O)O)C[C@H]5/C=C\CCCCC[C@H](NC(=O)OC5CCCC5)C(=O)N4C3)cc(-c3csc(NC(C)C)n3)nc2c1,n1cscc1-c2nc3ccccc3c(OC4CN5CC(NCOC6CCCC6)CCCCCC=CC7CC7NCC5C4)c2,regression,strict,train,False,5.522878745280337,intermediate
CHEMBL306027,CCC[C@H](NC(=O)[C@@H]1CCCN1C(=O)[C@@H](NC(=O)[C@@H](NC(=O)[C@@H](CC(=O)O)NC(=O)[C@H](CC(=O)O)NC(C)=O)[C@@H](C)CC)C(C)C)C(=O)O,N1CCCC1,regression,strict,train,False,4.769551078621726,inactive
CHEMBL306390,CCC[C@H](NC(=O)[C@@H]1CCCN1C(=O)[C@@H](NC(=O)[C@@H](NC(=O)[C@@H](CCC(=O)O)NC(=O)[C@H](CC(=O)O)NC(C)=O)[C@@H](C)CC)C(C)C)C(=O)O,N1CCCC1,regression,strict,train,False,5.1249387366083,intermediate
CHEMBL306094,CCC[C@H](NC(=O)[C@@H]1C[C@@H](OCc2ccc(C)cc2)CN1C(=O)[C@@H](NC(=O)[C@@H](NC(=O)[C@H](CC(=O)O)NC(=O)[C@H](CC(=O)O)NC(C)=O)[C@@H](C)CC)C(C)C)C(=O)O,O(Cc1ccccc1)C2CNCC2,regression,strict,train,False,5.6020599913279625,intermediate
CHEMBL306151,Cn1c(Cc2nc3cc(C(N)=O)ccc3[nH]2)nc2ccc(C(=O)NCCc3ccc(OCC(=O)O)cc3)cc21,N1=C([N]c2ccccc12)Cc3nc4ccc(cc4[nH]3)CNCCc5ccccc5,regression,strict,train,False,4.795880017344075,inactive
CHEMBL306989,Cn1c(Cc2nc3cc(C(N)=O)ccc3[nH]2)nc2ccc(C(=O)NC(CCCCCP(=O)(O)O)C(=O)O)cc21,N1=C([N]c2ccccc12)Cc3nc4ccccc4[nH]3,regression,strict,train,False,6.292429823902063,active
CHEMBL307012,CC[C@H](C)[C@H](NC(=O)[C@H](CC(=O)O)NC(=O)[C@H](CC(=O)O)NC(C)=O)C(=O)N[C@H](C(=O)N1CCC[C@H]1C(=O)NC1(C(=O)O)CC1)C(C)C,N1CCCC1CNC2CC2,regression,strict,train,False,4.267606240177032,inactive
CHEMBL309006,Cn1c(Cc2nc3cc(C(N)=O)ccc3[nH]2)nc2ccc(C(=O)NC(CCCP(=O)(O)O)C(=O)O)cc21,N1=C([N]c2ccccc12)Cc3nc4ccccc4[nH]3,regression,strict,train,False,6.086186147616283,active
CHEMBL307059,Cn1c(Cc2nc3cc(C(N)=O)ccc3[nH]2)nc2ccc(C(=O)NC(Cc3ccc(C(=O)O)c(OCC(=O)O)c3)C(=O)O)cc21,N1=C([N]c2ccccc12)Cc3nc4ccc(cc4[nH]3)CNCCc5ccccc5,regression,strict,train,False,5.045757490560675,intermediate
CHEMBL307166,CCC[C@H](NC(=O)[C@@H]1C[C@@H](Cc2ccccc2)CN1C(=O)[C@@H](NC(=O)[C@@H](NC(=O)[C@H](CC(=O)O)NC(=O)[C@H](CC(=O)O)NC(C)=O)[C@@H](C)CC)C(C)C)C(=O)O,c1ccc(cc1)CC2CNCC2,regression,strict,train,False,4.221848749616356,inactive
CHEMBL309808,CCC[C@H](NC(=O)[C@@H]1C[C@@H](CCCc2ccccc2)CN1C(=O)[C@@H](NC(=O)[C@@H](NC(=O)[C@H](CC(=O)O)NC(=O)[C@H](CC(=O)O)NC(C)=O)[C@@H](C)CC)C(C)C)C(=O)O,c1ccc(cc1)CCCC2CNCC2,regression,strict,train,False,5.481486060122113,intermediate
CHEMBL310738,CCC[C@H](NC(=O)[C@@H]1CCCN1C(=O)[C@@H](NC(=O)[C@@H](NC(=O)[C@@H](CC(=O)O)NC(=O)[C@H](CC(=O)O)NC(C)=O)[C@@H](C)CC)C(C)C)C(=O)C(F)(F)F,N1CCCC1,regression,strict,train,False,4.657577319177793,inactive
CHEMBL310192,COC(=O)c1ccccc1S(=O)(=O)NC(=O)CC(NC(=O)c1ccc2nc(Cc3nc4cc(C(N)=O)ccc4[nH]3)n(C)c2c1)C(=O)O,N1=C([N]c2ccccc12)Cc3nc4ccc(cc4[nH]3)CNCCCNSc5ccccc5,regression,strict,train,False,5.091514981121351,intermediate
CHEMBL309915,COC(=O)c1ccccc1S(=O)(=O)NC(=O)C[C@H](NC(=O)c1ccc2nc(Cc3nc4cc(C(N)=O)ccc4[nH]3)n(C)c2c1)C(=O)OCc1ccccc1,N1=C([N]c2ccccc12)Cc3nc4ccc(cc4[nH]3)CNC(COCc5ccccc5)CCNSc6ccccc6,regression,strict,train,False,4.431798275933005,inactive
CHEMBL310787,COC(=O)c1ccccc1S(=O)(=O)NC(=O)CC(NC(=O)c1ccc2nc(Cc3nc4ccccc4[nH]3)n(C)c2c1)C(=O)O,N1=C([N]c2ccccc12)Cc3nc4ccc(cc4[nH]3)CNCCCNSc5ccccc5,regression,strict,train,False,4.958607314841775,inactive
CHEMBL310845,Cn1c(Cc2nc3cc(C(N)=O)ccc3[nH]2)nc2ccc(C(=O)NC(CCC(=O)NS(=O)(=O)c3ccccc3C(=O)O)C(=O)O)cc21,N1=C([N]c2ccccc12)Cc3nc4ccc(cc4[nH]3)CNCCCCNSc5ccccc5,regression,strict,train,False,5.585026652029182,intermediate
CHEMBL310429,COC(=O)c1ccccc1S(=O)(=O)NC(=O)CC[C@H](NC(=O)c1ccc2nc(Cc3nc4cc(C(N)=O)ccc4[nH]3)n(C)c2c1)C(=O)OCc1ccccc1,N1=C([N]c2ccccc12)Cc3nc4ccc(cc4[nH]3)CNC(COCc5ccccc5)CCCNSc6ccccc6,regression,strict,train,False,4.537602002101044,inactive
CHEMBL311987,Cn1c(Cc2nc3ccccc3[nH]2)nc2ccc(C(=O)NC(CC(=O)NS(=O)(=O)c3ccccc3C(=O)O)C(=O)O)cc21,N1=C([N]c2ccccc12)Cc3nc4ccc(cc4[nH]3)CNCCCNSc5ccccc5,regression,strict,train,False,5.468521082957745,intermediate
CHEMBL312220,Cn1c(Cc2nc3cc(C(N)=O)ccc3[nH]2)nc2ccc(C(=O)NC(Cc3cccc(C(=O)O)c3)C(=O)O)cc21,N1=C([N]c2ccccc12)Cc3nc4ccc(cc4[nH]3)CNCCc5ccccc5,regression,strict,train,False,4.6020599913279625,inactive
CHEMBL312140,Cn1c(Cc2nc3cc(C(N)=O)ccc3[nH]2)nc2ccc(C(=O)NC(Cc3ccc(OCC(=O)O)cc3)C(=O)O)cc21,N1=C([N]c2ccccc12)Cc3nc4ccc(cc4[nH]3)CNCCc5ccccc5,regression,strict,train,False,6.0,intermediate
CHEMBL311252,CC(=O)N[C@@H](CC(=O)O)C(=O)N[C@H](CCC(=O)O)C(=O)N[C@H](C(=O)N[C@H](C(=O)N1C[C@H](OCc2cccc3ccccc23)C[C@H]1C(=O)NC1(C(=O)O)CC1)C(C)C)C1CCCCC1,O(Cc1cccc2ccccc21)C3CN(CCNCCC4CCCCC4)C(CNC5CC5)C3,regression,strict,train,False,7.886056647693163,active
CHEMBL3181952,CC(=O)N(C)C1=C(Cl)C(=O)c2ccccc2C1=O,c1ccc2c(c1)CC=CC2,regression,strict,train,False,4.690369832574101,inactive
CHEMBL3182184,Cc1ccc(C)n1-c1cc(C(=O)O)ccc1O,c1ccc(cc1)-n2cccc2,regression,strict,train,False,4.297569463554475,inactive
CHEMBL3144871,O=c1c2c(O)cc(CSc3ccc(Cl)cc3)nc2[nH]n1-c1ccccc1,n1c(ccc2c1NN(c3ccccc3)C2)CSc4ccccc4,regression,strict,train,False,5.281996831732982,intermediate
CHEMBL3182446,O=C(Nc1ccc(Cl)cc1)c1ccc2c(c1)OCCO2,O1c2ccc(cc2OCC1)CNc3ccccc3,regression,strict,train,False,4.113791375832503,inactive
CHEMBL3183664,Cc1ccc(N2C(=O)C=CC2=O)c(Br)c1,c1ccc(cc1)N2CC=CC2,regression,strict,train,False,4.4769041617474326,inactive
CHEMBL3184103,Cc1ccc(N2C(=O)NC(=O)C(=Cc3ccc(-c4ccc(Cl)c(C(=O)O)c4)o3)C2=O)cc1,o1c(ccc1-c2ccccc2)C=C3CNCN(c4ccccc4)C3,regression,strict,train,False,3.877292745681652,inactive
CHEMBL3184238,O=C1NC(=S)N(c2ccccc2)C(=O)C1=Cc1ccc(-c2ccc(C(=O)O)c(Cl)c2)o1,o1c(ccc1-c2ccccc2)C=C3CNCN(c4ccccc4)C3,regression,strict,train,False,4.013676222949234,inactive
CHEMBL3184131,Cc1ccc(N2C(=O)NC(=O)C(=Cc3ccc(-c4cccc(C(=O)O)c4)o3)C2=O)cc1,o1c(ccc1-c2ccccc2)C=C3CNCN(c4ccccc4)C3,regression,strict,train,False,4.8297382846050425,inactive
CHEMBL3186773,O=C1C=CC(=O)N1c1ccc(Br)cc1[N+](=O)[O-],c1ccc(cc1)N2CC=CC2,regression,strict,train,False,4.650722472532045,inactive
CHEMBL3187043,Cc1ccc(C(=O)O)cc1-n1c(C)ccc1C,c1ccc(cc1)-n2cccc2,regression,strict,train,False,5.119186407719209,intermediate
CHEMBL3185045,CC1=C(C#N)c2nc(N)c(C#N)c(C)c2C1=Cc1ccc(-c2cccc(C(=O)O)c2)o1,n1cccc2c1C=CC2=Cc3oc(cc3)-c4ccccc4,regression,strict,train,False,3.8458804744841535,inactive
CHEMBL317487,COc1ccc2c(O[C@@H]3C[C@@H](C(=O)NC(CC(F)F)C(=O)NCCc4c(F)cc(C(=O)O)cc4F)N(C(=O)[C@@H](NC(=O)OC(C)(C)C)C(C)(C)C)C3)cc(-c3ccccc3)nc2c1,n1c2ccccc2c(OC3CNC(CNCCNCCc4ccccc4)C3)cc1-c5ccccc5,regression,strict,test,False,7.267606240177032,active
CHEMBL3186161,O=C1NC(=O)N(c2ccccc2)C(=O)C1=Cc1ccc(-c2ccc(C(=O)O)cc2)o1,o1c(ccc1-c2ccccc2)C=C3CNCN(c4ccccc4)C3,regression,strict,train,False,1.0,inactive
CHEMBL3187457,O=C1NC(=S)N(c2ccccc2F)C(=O)C1=Cc1ccco1,o1cccc1C=C2CNCN(c3ccccc3)C2,regression,strict,test,False,5.474955192963154,intermediate
CHEMBL3188472,Cc1c(C(=O)O)cccc1-n1c(C)ccc1C,c1ccc(cc1)-n2cccc2,regression,strict,train,False,4.461551948289783,inactive
CHEMBL3188992,O=C1C=CC(=O)N1c1cccc([N+](=O)[O-])c1,c1ccc(cc1)N2CC=CC2,regression,strict,train,False,4.641113795594131,inactive
CHEMBL3187220,O=C1NC(=O)N(c2ccccc2F)C(=O)C1=Cc1ccc(-c2cc(C(=O)O)ccc2Cl)o1,o1c(ccc1-c2ccccc2)C=C3CNCN(c4ccccc4)C3,regression,strict,train,False,4.455931955649724,inactive
CHEMBL3189007,O=C1NC(=O)C(=Cc2ccc(-c3cc([N+](=O)[O-])ccc3O)o2)C(=O)N1,o1c(ccc1-c2ccccc2)C=C3CNCNC3,regression,strict,train,False,4.1794701514764805,inactive
CHEMBL3192400,CCN(CC)S(=O)(=O)c1cccc(C(=O)N/N=C/c2ccc(O)c(O)c2O)c1,N(=Cc1ccccc1)NCc2ccccc2,regression,strict,train,False,5.275150912370615,intermediate
CHEMBL3195767,Oc1c(Br)cc(Br)cc1/C=N/NC(=S)N[C@H]1CC2C=CC1C2,N(=Cc1ccccc1)NCNC2CC3C=CC2C3,regression,strict,test,False,5.108072465779325,intermediate
CHEMBL3195976,COc1ccc2[nH]c3c(=O)n(CCCC(=O)NC4CCCCC4C)c(=S)[nH]c3c2c1,[N]1[CH]N([CH]c2[nH]c3ccccc3c12)CCCCNC4CCCCC4,regression,strict,train,False,4.340026784703684,inactive
CHEMBL3191950,COc1ccc(/C=N\NC(=O)c2cc(O)c(O)c(O)c2)cc1COc1ccc(C(=O)OCC(C)C)cc1,N(=Cc1cccc(c1)COc2ccccc2)NCc3ccccc3,regression,strict,train,False,5.352323686759129,intermediate
CHEMBL3197424,O=C(N/N=C/c1cc(Cl)c(O)c(Cl)c1)c1cc2c(ccc3ccccc32)o1,N(=Cc1ccccc1)NCc2oc3ccc4ccccc4c3c2,regression,strict,train,False,5.370386554621817,intermediate
CHEMBL3196732,O=[N+]([O-])c1cc(Cc2ccccc2)cc(/C=N/c2ccc(N3CCOCC3)cc2)c1O,N(=Cc1cccc(c1)Cc2ccccc2)c3ccc(cc3)N4CCOCC4,regression,strict,train,False,5.116111542111519,intermediate
CHEMBL3198103,CCCCCOc1ccc(/C=c2\sc3nc(=O)c(-c4ccccc4)nn3c2=O)cc1OC,N1=C(c2ccccc2)CN=C3SC(=Cc4ccccc4)CN13,regression,strict,train,False,4.440476392942107,inactive
CHEMBL325081,Cc1ccc(C)c(CC[C@H](NC(=O)[C@H]2CCCN2C(=O)[C@@H](NC(=O)[C@@H](NC(=O)[C@H](CCC(=O)O)NC(=O)[C@@H](N)CC(=O)O)C(C)C)C(C)C)B2O[C@@H]3C[C@@H]4C[C@@H](C4(C)C)[C@]3(C)O2)c1,O1B(OC2C1CC3CC2C3)C(NCC4NCCC4)CCc5ccccc5,regression,strict,test,False,6.0,intermediate
CHEMBL3215349,O=C1OC[C@H]2O[C@@H](Oc3cc(O)c4c(c3)OC(c3ccccc3)CC4=O)[C@H](O)[C@@H](O)[C@@H]2OC(=O)c2cc(O)c(O)c(O)c2-c2c1cc(O)c(O)c2O,O(c1ccc2c(OC(c3ccccc3)CC2)c1)C4OC5COCc6ccccc6-c7ccccc7COC5CC4,regression,strict,train,False,6.522878745280337,active
CHEMBL323107,COc1ccc2c(O[C@@H]3C[C@@H](C(=O)NC(CC(F)F)C(=O)NCCc4ccc(C(=O)O)cc4)N(C(=O)[C@@H](O)C(C)C)C3)cc(-c3ccccc3)nc2c1,n1c2ccccc2c(OC3CNC(CNCCNCCc4ccccc4)C3)cc1-c5ccccc5,regression,strict,test,False,4.958607314841775,inactive
CHEMBL325640,O=C(Nc1ccc(Oc2ccc(Cl)c3ccccc23)c(Cl)c1)c1cc(Cl)ccc1NS(=O)(=O)c1ccc(Cl)cc1,O(c1ccc(cc1)NCc2ccccc2NSc3ccccc3)c4cccc5ccccc45,regression,strict,train,False,5.187086643357144,intermediate
CHEMBL330117,C=CC1C[C@]1(NC(=O)C1C[C@@H](Oc2ccnc3ccccc23)CN1C(=O)[C@@H](NC(=O)OC(C)(C)C)C(C)(C)C)C(=O)O,n1ccc(OC2CNC(CNC3CC3)C2)c4ccccc14,regression,strict,train,False,6.481486060122113,active
CHEMBL326207,Cc1ccc(CC[C@H](NC(=O)[C@H]2CCCN2C(=O)[C@@H](NC(=O)[C@@H](NC(=O)[C@H](CCC(=O)O)NC(=O)[C@@H](N)CC(=O)O)C(C)C)C(C)C)B2O[C@@H]3C[C@@H]4C[C@@H](C4(C)C)[C@]3(C)O2)c(C)c1,O1B(OC2C1CC3CC2C3)C(NCC4NCCC4)CCc5ccccc5,regression,strict,test,False,6.275724130399211,active
CHEMBL3301628,CCC[C@@H](NC(=O)[C@@H]1C[C@@H](OCc2ccccc2)CN1C(=O)[C@@H](NC(=O)[C@@H](NC(=O)[C@@H](CCC(=O)O)NC(=O)[C@H](CC(=O)O)NC(C)=O)[C@@H](C)CC)C(C)C)C(=O)O,O(Cc1ccccc1)C2CNCC2,regression,strict,train,False,4.468521082957745,inactive
CHEMBL328782,COc1ccc2c(O[C@@H]3C[C@@H](C(=O)NC(CC(F)F)C(=O)NCCc4c(F)cc(C(=O)O)cc4F)N(C(C)=O)C3)cc(-c3ccccc3)nc2c1,n1c2ccccc2c(OC3CNC(CNCCNCCc4ccccc4)C3)cc1-c5ccccc5,regression,strict,test,False,1.4185054577091007,inactive
CHEMBL3301629,CCCN(NC(=O)[C@@H]1C[C@@H](OCc2ccccc2)CN1C(=O)[C@@H](NC(=O)[C@@H](NC(=O)[C@@H](CCC(=O)O)NC(=O)[C@H](CC(=O)O)NC(C)=O)[C@@H](C)CC)C(C)C)C(N)=O,O(Cc1ccccc1)C2CNCC2,regression,strict,train,False,4.756961951313706,inactive
CHEMBL3301631,CC[C@H](C)[C@H](NC(=O)[C@@H](CCC(=O)O)NC(=O)[C@H](CC(=O)O)NC(C)=O)C(=O)N[C@H](C(=O)N1C[C@H](OCc2ccccc2)C[C@H]1C(=O)NN(CC(F)(F)F)C(=O)N[C@@H](C)c1ccccc1)C(C)C,O(Cc1ccccc1)C2CNC(CNNCNCc3ccccc3)C2,regression,strict,train,False,6.468521082957745,active
CHEMBL3301630,CCCN(NC(=O)[C@@H]1C[C@@H](OCc2ccccc2)CN1C(=O)[C@@H](NC(=O)[C@@H](NC(=O)[C@@H](CCC(=O)O)NC(=O)[C@H](CC(=O)O)NC(C)=O)[C@@H](C)CC)C(C)C)C(=O)NCc1ccc2c(c1)OCO2,O1c2ccc(cc2OC1)CNCNNCC3NCC(OCc4ccccc4)C3,regression,strict,train,False,6.301029995663981,active
CHEMBL3301632,CC[C@H](C)[C@H](NC(=O)[C@@H](CCC(=O)O)NC(=O)[C@H](CC(=O)O)NC(C)=O)C(=O)N[C@H](C(=O)N1C[C@H](OCc2ccccc2)C[C@H]1C(=O)NN(CCC(C)C)C(=O)N[C@@H](C)c1ccccc1)C(C)C,O(Cc1ccccc1)C2CNC(CNNCNCc3ccccc3)C2,regression,strict,train,False,5.2441251443275085,intermediate
CHEMBL3301633,CC[C@H](C)[C@H](NC(=O)[C@@H](CCC(=O)O)NC(=O)[C@H](CC(=O)O)NC(C)=O)C(=O)N[C@H](C(=O)N1C[C@H](OCc2ccccc2)C[C@H]1C(=O)NN(CC(C)C)C(=O)N[C@@H](C)c1ccccc1)C(C)C,O(Cc1ccccc1)C2CNC(CNNCNCc3ccccc3)C2,regression,strict,train,False,5.619788758288394,intermediate
CHEMBL3301634,CCC(CC)N(NC(=O)[C@@H]1C[C@@H](OCc2ccccc2)CN1C(=O)[C@@H](NC(=O)[C@@H](NC(=O)[C@@H](CCC(=O)O)NC(=O)[C@H](CC(=O)O)NC(C)=O)[C@@H](C)CC)C(C)C)C(=O)N[C@@H](C)c1ccccc1,O(Cc1ccccc1)C2CNC(CNNCNCc3ccccc3)C2,regression,strict,train,False,5.3872161432802645,intermediate
CHEMBL3301635,CCCCCN(NC(=O)[C@@H]1C[C@@H](OCc2ccccc2)CN1C(=O)[C@@H](NC(=O)[C@@H](NC(=O)[C@@H](CCC(=O)O)NC(=O)[C@H](CC(=O)O)NC(C)=O)[C@@H](C)CC)C(C)C)C(=O)N[C@@H](C)c1ccccc1,O(Cc1ccccc1)C2CNC(CNNCNCc3ccccc3)C2,regression,strict,train,False,6.309803919971486,active
CHEMBL3301636,CCCN(NC(=O)[C@@H]1C[C@@H](OCc2ccccc2)CN1C(=O)[C@@H](NC(=O)[C@@H](NC(=O)[C@@H](CCC(=O)O)NC(=O)[C@H](CC(=O)O)NC(C)=O)[C@@H](C)CC)C(C)C)C(=S)NCc1ccccc1,O(Cc1ccccc1)C2CNC(CNNCNCc3ccccc3)C2,regression,strict,train,False,5.376750709602099,intermediate
CHEMBL3301637,CC[C@H](C)[C@H](NC(=O)[C@@H](CCC(=O)O)NC(=O)[C@H](CC(=O)O)NC(C)=O)C(=O)N[C@H](C(=O)N1C[C@H](OCc2ccccc2)C[C@H]1C(=O)NN(C)C(=O)N[C@@H](C)c1ccccc1)C(C)C,O(Cc1ccccc1)C2CNC(CNNCNCc3ccccc3)C2,regression,strict,train,False,6.366531544420414,active
CHEMBL3301640,CCC[C@H](NC(=O)[C@@H]1C[C@@H](OCc2ccccc2)CN1C(=O)[C@@H](NC(=O)[C@@H](NC(=O)[C@@H](CCC(=O)O)NC(=O)[C@H](CC(=O)O)NC(C)=O)[C@@H](C)CC)C(C)C)C(N)=O,O(Cc1ccccc1)C2CNCC2,regression,strict,train,False,4.585026652029182,inactive
CHEMBL3301641,CCC[C@H](NC(=O)[C@@H]1C[C@@H](OCc2ccccc2)CN1C(=O)[C@@H](NC(=O)[C@@H](NC(=O)[C@@H](CCC(=O)O)NC(=O)[C@H](CC(=O)O)NC(C)=O)[C@@H](C)CC)C(C)C)C(=O)O,O(Cc1ccccc1)C2CNCC2,regression,strict,train,False,6.221848749616356,active
CHEMBL3301639,CC[C@H](C)[C@H](NC(=O)[C@@H](CCC(=O)O)NC(=O)[C@H](CC(=O)O)NC(C)=O)C(=O)N[C@H](C(=O)N1C[C@H](OCc2ccccc2)C[C@H]1C(=O)NN(CC)C(=O)N[C@@H](C)c1ccccc1)C(C)C,O(Cc1ccccc1)C2CNC(CNNCNCc3ccccc3)C2,regression,strict,train,False,7.070581074285707,active
CHEMBL3301638,CCCCN(NC(=O)[C@@H]1C[C@@H](OCc2ccccc2)CN1C(=O)[C@@H](NC(=O)[C@@H](NC(=O)[C@@H](CCC(=O)O)NC(=O)[C@H](CC(=O)O)NC(C)=O)[C@@H](C)CC)C(C)C)C(=O)N[C@@H](C)c1ccccc1,O(Cc1ccccc1)C2CNC(CNNCNCc3ccccc3)C2,regression,strict,train,False,7.00436480540245,active
CHEMBL3301642,CCCN(NC(=O)[C@@H]1C[C@@H](OCc2ccccc2)CN1C(=O)[C@@H](NC(=O)[C@@H](NC(=O)[C@@H](CCC(=O)O)NC(=O)[C@H](CC(=O)O)NC(C)=O)[C@@H](C)CC)C(C)C)C(=O)CCc1ccccc1,O(Cc1ccccc1)C2CNC(CNNCCCc3ccccc3)C2,regression,strict,train,False,6.1487416512809245,active
CHEMBL3301643,CCCN(NC(=O)[C@@H]1C[C@@H](OCc2ccccc2)CN1C(=O)[C@@H](NC(=O)[C@@H](NC(=O)[C@@H](CCC(=O)O)NC(=O)[C@H](CC(=O)O)NC(C)=O)[C@@H](C)CC)C(C)C)C(=O)OCc1ccccc1,O(CNNCC1NCC(OCc2ccccc2)C1)Cc3ccccc3,regression,strict,train,False,6.096910013008056,active
CHEMBL3301644,CCCN(NC(=O)[C@@H]1C[C@@H](OCc2ccccc2)CN1C(=O)[C@@H](NC(=O)[C@@H](NC(=O)[C@@H](CCC(=O)O)NC(=O)[C@H](CC(=O)O)NC(C)=O)[C@@H](C)CC)C(C)C)C(=O)N1CCc2ccccc21,O(Cc1ccccc1)C2CNC(CNNCN3c4ccccc4CC3)C2,regression,strict,train,False,5.356547323513812,intermediate
CHEMBL3301645,CCCN(NC(=O)[C@@H]1C[C@@H](OCc2ccccc2)CN1C(=O)[C@@H](NC(=O)[C@@H](NC(=O)[C@@H](CCC(=O)O)NC(=O)[C@H](CC(=O)O)NC(C)=O)[C@@H](C)CC)C(C)C)C(=O)N(C)Cc1ccccc1,O(Cc1ccccc1)C2CNC(CNNCNCc3ccccc3)C2,regression,strict,train,False,5.075720713938118,intermediate
CHEMBL3306225,NC(=O)c1ncn([C@@H]2O[C@H](COP(=O)(O)OP(=O)(O)O)[C@@H](O)[C@H]2O)n1,n1cnn(c1)C2OCCC2,regression,strict,train,False,3.6020599913279625,inactive
CHEMBL333397,CC(=O)OCCC/C(=C1/SC(=S)N(CC(=O)O)C1=O)c1ccc(Br)cc1,S1C(=Cc2ccccc2)CNC1,regression,strict,test,False,5.1938200260161125,intermediate
CHEMBL341277,CC[C@H](C)[C@H](NC(=O)[C@H](CC(=O)O)NC(=O)[C@H](CC(=O)O)NC(C)=O)C(=O)N[C@H](C(=O)N1CCC[C@@H]1C(=O)N[C@@H](CS)C(=O)O)C(C)C,N1CCCC1,regression,strict,train,False,4.366531544420414,inactive
CHEMBL346460,C=CCC(NC(=O)[C@H]1CCCN1C(=O)[C@@H](NC(=O)[C@@H](NC(=O)[C@H](CCC(=O)O)NC(=O)[C@@H](N)CC(=O)O)C(C)C)C(C)C)C(=O)C(=O)NCC,N1CCCC1,regression,strict,train,False,6.455931955649724,active
CHEMBL3301646,CCCN(NC(=O)[C@@H]1C[C@@H](OCc2ccccc2)CN1C(=O)[C@@H](NC(=O)[C@@H](NC(=O)[C@@H](CCC(=O)O)NC(=O)[C@H](CC(=O)O)NC(C)=O)[C@@H](C)CC)C(C)C)C(=O)NCc1ccccc1,O(Cc1ccccc1)C2CNC(CNNCNCc3ccccc3)C2,regression,strict,train,False,6.229147988357855,active
CHEMBL347015,CCCC[C@H](NC(=O)[C@H](CC(C)C)NC(=O)[C@@H](NC(=O)[C@H](Cc1ccccc1C)NC(=O)[C@H](COCc1ccccc1)NC(=O)[C@H](CC(=O)O)NC(=O)CCC(=O)O)C(C)(C)C)C(=O)C(N)=O,O(Cc1ccccc1)CCCNCCc2ccccc2,regression,strict,train,False,7.5376020021010435,active
CHEMBL348546,CCCC[C@H](NC(=O)[C@H](CC(C)C)NC(=O)[C@@H](NC(=O)[C@H](Cc1ccccc1C)NC(=O)[C@@H](NC(=O)[C@H](CC(=O)O)NC(=O)CCC(=O)O)C(C)C)C(C)(C)C)C(=O)C(N)=O,c1ccccc1,regression,strict,test,False,7.698970004336019,active
CHEMBL347708,CCCC[C@H](NC(=O)[C@H](Cc1ccsc1)NC(=O)[C@@H](NC(=O)[C@H](Cc1ccccc1C)NC(=O)[C@H](CCC(=O)O)NC(=O)[C@H](CC(=O)O)NC(=O)CCC(=O)O)C(C)(C)C)C(=O)C(N)=O,s1ccc(c1)CCNCCNCCCc2ccccc2,regression,strict,train,False,6.886056647693163,active
CHEMBL348896,C=CCC(NC(=O)[C@H]1CCCN1C(=O)[C@@H](NC(=O)[C@@H](NC(=O)[C@H](CCC(=O)O)NC(=O)[C@@H](N)CC(=O)O)C(C)C)C(C)C)C(=O)C(=O)OC,N1CCCC1,regression,strict,train,False,5.36251027048749,intermediate
CHEMBL349198,C=CCC(NC(=O)[C@H]1CCCN1C(=O)[C@@H](NC(=O)[C@@H](NC(=O)[C@H](CCC(=O)O)NC(=O)[C@@H](N)CC(=O)O)C(C)C)C(C)C)C(=O)C(=O)C1CC=CCC1,C1=CCC(CC1)CCCNCC2NCCC2,regression,strict,train,False,5.373659632624958,intermediate
CHEMBL348722,CC[C@H](NC(=O)[C@@H]1C[C@@](C)(CC(=O)Nc2ccccc2C(=O)NC)c2ncc(NCc3cccc(C(F)(F)F)c3)c(=O)n21)B1OC2C3CC(C[C@]2(C)O1)C3(C)C,N=1C=C(NCc2ccccc2)CN3C1C(CCNc4ccccc4)CC3CNCB5OC6CC7CC(C7)C6O5,regression,strict,train,False,6.7447274948966935,active
CHEMBL349586,CCCC[C@H](NC(=O)[C@H](CC(C)C)NC(=O)[C@@H](NC(=O)[C@H](Cc1ccccc1C)NC(=O)[C@H](CCC(=O)O)NC(=O)[C@H](Cc1c[nH]c2ccccc12)NC(=O)CCC(=O)O)C(C)(C)C)C(=O)C(N)=O,c1ccc(cc1)CCNCCNCCCc2c[nH]c3ccccc32,regression,strict,train,False,7.387216143280264,active
CHEMBL350398,CC[C@H](NC(=O)[C@@H]1C[C@@](C)(CC(=O)Nc2ccccc2C(=O)N(C)C)c2ncc(NCc3cccc(C(F)(F)F)c3)c(=O)n21)B1OC2C3CC(C[C@]2(C)O1)C3(C)C,N=1C=C(NCc2ccccc2)CN3C1C(CCNc4ccccc4)CC3CNCB5OC6CC7CC(C7)C6O5,regression,strict,train,False,5.835647144215563,intermediate
CHEMBL350799,CC[C@H](NC(=O)[C@@H]1C[C@@](C)(NC(=O)c2ccccc2)c2ncc(NCc3cccc(C(F)(F)F)c3)c(=O)n21)B1OC2C3CC(C[C@]2(C)O1)C3(C)C,N=1C=C(NCc2ccccc2)CN3C1C(NCc4ccccc4)CC3CNCB5OC6CC7CC(C7)C6O5,regression,strict,train,False,5.468521082957745,intermediate
CHEMBL350871,CC[C@H](NC(=O)[C@@H]1C[C@@](C)(NC(=O)Nc2ccc(F)cc2)c2ncc(NCc3cccc(C(F)(F)F)c3)c(=O)n21)B1OC2C3CC(C[C@]2(C)O1)C3(C)C,N=1C=C(NCc2ccccc2)CN3C1C(NCNc4ccccc4)CC3CNCB5OC6CC7CC(C7)C6O5,regression,strict,train,False,5.987162775294828,intermediate
CHEMBL349862,CC[C@H](NC(=O)[C@@H]1C[C@@](C)(NC(=O)Nc2ccccc2-c2ccccc2)c2ncc(NCc3cccc(C(F)(F)F)c3)c(=O)n21)B1OC2C3CC(C[C@]2(C)O1)C3(C)C,N=1C=C(NCc2ccccc2)CN3C1C(NCNc4ccccc4-c5ccccc5)CC3CNCB6OC7CC8CC(C8)C7O6,regression,strict,train,False,4.522878745280337,inactive
CHEMBL350980,CC[C@H](NC(=O)[C@@H]1C[C@@](C)(CC(=O)Nc2ccccc2C(=O)OC)c2ncc(NCc3cccc(C(F)(F)F)c3)c(=O)n21)B1OC2C3CC(C[C@]2(C)O1)C3(C)C,N=1C=C(NCc2ccccc2)CN3C1C(CCNc4ccccc4)CC3CNCB5OC6CC7CC(C7)C6O5,regression,strict,train,False,7.0,active
CHEMBL351077,CC[C@H](NC(=O)[C@@H]1C[C@@](C)(NC(=O)Nc2ccccc2SC)c2ncc(NCc3cccc(C(F)(F)F)c3)c(=O)n21)B1OC2C3CC(C[C@]2(C)O1)C3(C)C,N=1C=C(NCc2ccccc2)CN3C1C(NCNc4ccccc4)CC3CNCB5OC6CC7CC(C7)C6O5,regression,strict,train,False,6.1487416512809245,active
CHEMBL351223,CC[C@H](NC(=O)[C@@H]1C[C@@](C)(NC(=O)Nc2ccccc2)c2ncc(NCc3cccc(C(F)(F)F)c3)c(=O)n21)B1OC2C3CC(C[C@]2(C)O1)C3(C)C,N=1C=C(NCc2ccccc2)CN3C1C(NCNc4ccccc4)CC3CNCB5OC6CC7CC(C7)C6O5,regression,strict,train,False,6.102372908709558,active
CHEMBL351266,C=CCC(NC(=O)[C@H]1CCCN1C(=O)[C@@H](NC(=O)[C@@H](NC(=O)[C@H](CCC(=O)OC(C)(C)C)NC(=O)[C@H](CC(=O)OC(C)(C)C)NC(=O)OC(C)(C)C)C(C)C)C(C)C)C(=O)C(=O)CC(C)C,N1CCCC1,regression,strict,train,False,4.522878745280337,inactive
CHEMBL351702,CC(=O)N[C@@H](CC(=O)O)C(=O)N[C@@H](CCC(=O)O)C(=O)N[C@H](C(=O)N[C@H](C(=O)N1CCC[C@@H]1C(=O)N[C@@H](CS)C(=O)O)C(C)C)C(C)C,N1CCCC1,regression,strict,train,False,5.6020599913279625,intermediate
CHEMBL351389,C=CCNC(=O)C(=O)C(CC=C)NC(=O)[C@H]1CCCN1C(=O)[C@@H](NC(=O)[C@@H](NC(=O)[C@H](CCC(=O)OC(C)(C)C)NC(=O)[C@H](CC(=O)OC(C)(C)C)NC(=O)OC(C)(C)C)C(C)C)C(C)C,N1CCCC1,regression,strict,train,False,6.2441251443275085,active
CHEMBL351341,CCCC[C@H](NC(=O)[C@H](CC(C)C)NC(=O)[C@@H](NC(=O)[C@H](Cc1ccccc1C)NC(=O)[C@H](CCC(=O)O)NC(=O)[C@H](CC(=O)O)NC(=O)CCC(=O)O)c1ccccc1)C(=O)C(N)=O,c1ccc(cc1)CNCCCc2ccccc2,regression,strict,train,False,7.376750709602099,active
CHEMBL352130,CC[C@H](NC(=O)[C@@H]1C[C@@](C)(NC(=O)Nc2ccccc2C)c2ncc(NCc3cccc(C(F)(F)F)c3)c(=O)n21)B1OC2C3CC(C[C@]2(C)O1)C3(C)C,N=1C=C(NCc2ccccc2)CN3C1C(NCNc4ccccc4)CC3CNCB5OC6CC7CC(C7)C6O5,regression,strict,train,False,6.107905397309519,active
CHEMBL352719,CC[C@H](NC(=O)[C@@H]1C[C@@](C)(NC(=O)Nc2ccccc2C(=O)OC)c2ncc(NCc3cccc(C(F)(F)F)c3)c(=O)n21)B1OC2C3CC(C[C@]2(C)O1)C3(C)C,N=1C=C(NCc2ccccc2)CN3C1C(NCNc4ccccc4)CC3CNCB5OC6CC7CC(C7)C6O5,regression,strict,train,False,7.096910013008056,active
CHEMBL352843,CC[C@H](NC(=O)[C@@H]1C[C@@](C)(NC(=O)Nc2cccc(F)c2)c2ncc(NCc3cccc(C(F)(F)F)c3)c(=O)n21)B1OC2C3CC(C[C@]2(C)O1)C3(C)C,N=1C=C(NCc2ccccc2)CN3C1C(NCNc4ccccc4)CC3CNCB5OC6CC7CC(C7)C6O5,regression,strict,train,False,6.301029995663981,active
CHEMBL354460,CC[C@H](NC(=O)[C@@H]1C[C@@](C)(NC(=O)Nc2ccccc2OC)c2ncc(NCc3cccc(C(F)(F)F)c3)c(=O)n21)B1OC2C3CC(C[C@]2(C)O1)C3(C)C,N=1C=C(NCc2ccccc2)CN3C1C(NCNc4ccccc4)CC3CNCB5OC6CC7CC(C7)C6O5,regression,strict,train,False,6.443697499232712,active
CHEMBL354665,CC[C@H](NC(=O)[C@@H]1C[C@@](C)(NC(=O)NCc2ccccc2)c2ncc(NCc3cccc(C(F)(F)F)c3)c(=O)n21)B1OC2C3CC(C[C@]2(C)O1)C3(C)C,N=1C=C(NCc2ccccc2)CN3C1C(NCNCc4ccccc4)CC3CNCB5OC6CC7CC(C7)C6O5,regression,strict,train,False,5.920818753952375,intermediate
CHEMBL354990,CCOC(=O)c1ccc(NC(=O)N[C@]2(C)C[C@@H](C(=O)N[C@@H](CC)B3OC4C5CC(C[C@]4(C)O3)C5(C)C)n3c2ncc(NCc2cccc(C(F)(F)F)c2)c3=O)cc1,N=1C=C(NCc2ccccc2)CN3C1C(NCNc4ccccc4)CC3CNCB5OC6CC7CC(C7)C6O5,regression,strict,train,False,5.958607314841775,intermediate
CHEMBL355235,CC[C@H](NC(=O)[C@@H]1C[C@@](C)(CC(=O)Nc2ccccc2OC)c2ncc(NCc3cccc(C(F)(F)F)c3)c(=O)n21)B1OC2C3CC(C[C@]2(C)O1)C3(C)C,N=1C=C(NCc2ccccc2)CN3C1C(CCNc4ccccc4)CC3CNCB5OC6CC7CC(C7)C6O5,regression,strict,train,False,6.698970004336019,active
CHEMBL355383,CC[C@H](NC(=O)[C@@H]1C[C@@](C)(CC(=O)Nc2cccc(SC)c2)c2ncc(NCc3cccc(C(F)(F)F)c3)c(=O)n21)B1OC2C3CC(C[C@]2(C)O1)C3(C)C,N=1C=C(NCc2ccccc2)CN3C1C(CCNc4ccccc4)CC3CNCB5OC6CC7CC(C7)C6O5,regression,strict,train,False,7.045757490560675,active
CHEMBL362443,O=C1NC(=S)S/C1=C/c1cc([N+](=O)[O-])ccc1Sc1ccc(Cl)cc1,S(c1ccccc1)c2ccccc2C=C3SCNC3,regression,strict,train,False,5.494850021680094,intermediate
CHEMBL360983,CC(=O)N[C@@H](CC(=O)O)C(=O)N[C@@H](CCC(=O)O)C(=O)N[C@@H](CC1CCCCC1)C(=O)N[C@H](C(=O)N1C[C@@H](OCc2ccccc2)C[C@H]1C(=O)NC1(C(=O)O)CC1)C(C)C,O(Cc1ccccc1)C2CN(CCNCCCC3CCCCC3)C(CNC4CC4)C2,regression,strict,train,False,7.292429823902063,active
CHEMBL361930,CC[C@H](NC(=O)[C@H](CC1CCCCC1)NC(=O)[C@@H](NC(=O)[C@H](CC(C)C)NC(=O)c1cnccn1)[C@@H](C)CC)C(=O)C(=O)NCC(=O)NS(=O)(=O)c1cc(C(=O)O)ccc1Cl,n1ccnc(c1)CNCCNCCNC(CNCCCNCCNSc2ccccc2)CC3CCCCC3,regression,strict,train,False,6.958607314841775,active
CHEMBL366037,CC[C@H](NC(=O)[C@H](CC1CCCCC1)NC(=O)[C@@H](NC(=O)[C@H](CC(C)C)NC(=O)c1cnccn1)[C@@H](C)CC)C(=O)C(=O)NCC(=O)NS(=O)(=O)C(F)(F)F,n1ccnc(c1)CNCCNCCNCCC2CCCCC2,regression,strict,train,False,6.327902142064283,active
CHEMBL364144,CC[C@H](NC(=O)[C@H](CC1CCCCC1)NC(=O)[C@@H](NC(=O)[C@H](CC(C)C)NC(=O)c1cnccn1)[C@@H](C)CC)C(=O)C(=O)NCC(=O)NS(=O)(=O)c1ccc([N+](=O)[O-])cc1,n1ccnc(c1)CNCCNCCNC(CNCCCNCCNSc2ccccc2)CC3CCCCC3,regression,strict,train,False,6.036212172654444,active
CHEMBL366853,O=C(O)CN1C(=O)/C(=C/c2cc([N+](=O)[O-])ccc2F)SC1=S,S1C(=Cc2ccccc2)CNC1,regression,strict,test,False,4.1938200260161125,inactive
CHEMBL363259,CC[C@H](NC(=O)[C@H](CC1CCCCC1)NC(=O)[C@@H](NC(=O)[C@H](CC(C)C)NC(=O)c1cnccn1)[C@@H](C)CC)C(=O)C(=O)NCC(=O)NS(=O)(=O)c1cccc(-c2ccccc2)c1,n1ccnc(c1)CNCCNCCNC(CNCCCNCCNSc2cccc(c2)-c3ccccc3)CC4CCCCC4,regression,strict,test,False,6.1938200260161125,active
CHEMBL367843,O=C1C=C2C(=CCOC2OC(=O)c2cccc(Br)c2)O1,O1C2=CCOC(OCc3ccccc3)C2=CC1,regression,strict,train,False,4.899629454882437,inactive
CHEMBL366398,c1cc(CN2CCC(C3=NC4CCCCC4N3)CC2)ccc1CN1CCC(C2=NC3CCCCC3N2)CC1,N1=C(NC2CCCCC12)C3CCN(Cc4ccc(cc4)CN5CCC(C6=NC7CCCCC7N6)CC5)CC3,regression,strict,train,False,5.154901959985743,intermediate
CHEMBL366828,CC(=O)N[C@H](C(=O)N[C@H](C(=O)N1C[C@H](Oc2cccc(-c3cccc([N+](=O)[O-])c3)c2)C[C@H]1C(=O)NC1(C(=O)O)CC1)C(C)C)C1CCCCC1,O(c1cccc(c1)-c2ccccc2)C3CN(CCNCCC4CCCCC4)C(CNC5CC5)C3,regression,strict,train,False,5.3979400086720375,intermediate
CHEMBL367655,CC(=O)N[C@H](C(=O)N[C@H](C(=O)N1C[C@H](Oc2ccnc3ccccc23)C[C@H]1C(=O)NC1(C(=O)O)CC1)C(C)C)C1CCCCC1,n1ccc(OC2CN(CCNCCC3CCCCC3)C(CNC4CC4)C2)c5ccccc15,regression,strict,test,False,4.657577319177793,inactive
CHEMBL369234,COC(=O)CN1C(=O)/C(=C/c2cc3c(cc2[N+](=O)[O-])OCO3)SC1=S,O1c2ccc(cc2OC1)C=C3SCNC3,regression,strict,test,False,4.1487416512809245,inactive
CHEMBL380997,CCC[C@]1(CC(=O)O)OCCc2c1sc1c(C)cc(F)c(C#N)c21,O1Cc2sc3ccccc3c2CC1,regression,strict,train,False,4.1249387366083,inactive
CHEMBL368579,C=C[C@@H]1C[C@]1(NC(=O)[C@@H]1C[C@@H](Oc2cccc(-c3ccccc3)c2)CN1C(=O)[C@@H](NC(=O)[C@@H](NC(C)=O)C1CCCCC1)C(C)C)C(=O)O,O(c1cccc(c1)-c2ccccc2)C3CN(CCNCCC4CCCCC4)C(CNC5CC5)C3,regression,strict,train,False,6.920818753952375,active
CHEMBL369239,CC(=O)N[C@H](C(=O)N[C@H](C(=O)N1C[C@H](Oc2ccnc3cc(C(F)(F)F)ccc23)C[C@H]1C(=O)NC1(C(=O)O)CC1)C(C)C)C1CCCCC1,n1ccc(OC2CN(CCNCCC3CCCCC3)C(CNC4CC4)C2)c5ccccc15,regression,strict,test,False,5.096910013008056,intermediate
CHEMBL369617,CCOC(=O)CN1C(=O)/C(=C(\C)c2cccc(NS(=O)(=O)c3ccc(-c4ccc(S(=O)(=O)NCCNC(=O)OC(C)(C)C)cc4)cc3)c2)SC1=S,S(Nc1cccc(C=C2SCNC2)c1)c3ccc(cc3)-c4ccccc4,regression,strict,train,False,4.823908740944319,inactive
CHEMBL395915,O=C(O)Cc1c[nH]c2ccc(O)cc12,c1ccc2[nH]ccc2c1,regression,strict,train,False,4.159266765388193,inactive
CHEMBL398463,NC(=O)c1ncn([C@@H]2O[C@H](COP(=O)(O)OP(=O)(O)OP(=O)(O)O)[C@@H](O)[C@H]2O)n1,n1cnn(c1)C2OCCC2,regression,strict,test,False,3.744727494896694,inactive
CHEMBL404816,C=CCNC(=O)C(=O)[C@H](CC)NC(=O)[C@H]1CCCN1C(=O)[C@@H](NC(=O)[C@@H](NC(=O)[C@H](CCC(=O)OC(C)(C)C)NC(=O)[C@H](CC(=O)OC(C)(C)C)NC(=O)OC(C)(C)C)C(C)C)C(C)C,N1CCCC1,regression,strict,train,False,6.075720713938118,active
CHEMBL386885,CCCC[C@H](NC(=O)[C@H]1Cc2ccccc2CN1C(=O)[C@H](CS)NC(=O)[C@H](CC(C)C)NC(=O)[C@@H](NC(=O)[C@@H](NC(=O)[C@H](CCC(=O)O)NC(=O)[C@H](CCC(=O)O)NC(C)=O)C(C)C)C(C)C)C(=O)N[C@@H](CO)C(=O)N[C@@H](Cc1ccc(O)cc1)C(N)=O,c1ccc(cc1)CCNCCNCCNCC2NCc3ccccc3C2,regression,strict,train,False,6.0,intermediate
CHEMBL405678,CCCC[C@H](NC(=O)[C@H](CC(C)C)NC(=O)[C@@H](NC(=O)[C@H](Cc1ccc(OCc2ccccc2)cc1)NC(=O)[C@H](CCC(=O)O)NC(=O)[C@H](CC(=O)O)NC(=O)CCC(=O)O)C(C)(C)C)C(=O)C(N)=O,O(c1ccccc1)Cc2ccccc2,regression,strict,train,False,6.958607314841775,active
CHEMBL3933212,COc1cnc(O[C@@H]2C[C@@H](C(=O)N[C@]3(C(=O)NS(=O)(=O)C4CC4)C[C@H]3C3CC3)N(C(=O)[C@@H](NC(=O)O[C@H](C)C(F)(F)F)C3CCCCC3)C2)c2cc(Cl)ccc12,n1ccc2ccccc2c1OC3CN(CCC4CCCCC4)C(CNC5(CNSC6CC6)CC5C7CC7)C3,regression,strict,train,False,9.0,active
CHEMBL407699,CC[C@H](C)[C@H](NC(=O)[C@H](CC(C)C)NC(=O)c1cnccn1)C(=O)N[C@@H](CC1CCCCC1)C(=O)N[C@@H](CC(F)F)C(=O)C(=O)NCC(=O)NS(=O)(=O)c1cc(Cl)cc(S(=O)(=O)NC(=O)c2ccccc2)c1,n1ccnc(c1)CNCCNCCNC(CNCCCNCCNSc2cccc(SNCc3ccccc3)c2)CC4CCCCC4,regression,strict,train,False,7.221848749616356,active
CHEMBL407896,C=CC[C@H](NC(=O)[C@@H]1C[C@@H](CCCc2cccc3ccccc23)c2c(Cl)nc(NCC(C)C)c(=O)n21)B1OC2CC3CC(C3(C)C)[C@@]2(C)O1,N=1C=C2N(CC1)C(CNCB3OC4CC5CC(C5)C4O3)CC2CCCc6cccc7ccccc76,regression,strict,train,False,6.769551078621726,active
CHEMBL408020,CC(C)[C@H](NC(=O)[C@@H](NC(=O)CCCC(=O)O)C1CCCCC1)C(=O)N1C[C@H](OCc2cccc3ccccc23)C[C@H]1C(=O)NC1(C(=O)O)CC1,O(Cc1cccc2ccccc21)C3CN(CCNCCC4CCCCC4)C(CNC5CC5)C3,regression,strict,train,False,6.045757490560675,active
CHEMBL409558,C=CC[C@H](NC(=O)[C@@H]1C[C@@H](Cc2cccc(OC)c2)c2c(Cl)nc(NCc3cccc(C(F)(F)F)c3)c(=O)n21)B1OC2CC3CC(C3(C)C)[C@@]2(C)O1,N=1C=C2N(CC1NCc3ccccc3)C(CNCB4OC5CC6CC(C6)C5O4)CC2Cc7ccccc7,regression,strict,train,False,6.585026652029182,active
CHEMBL412198,CC[C@H](NC(=O)[C@H](CC1CCCCC1)NC(=O)[C@@H](NC(=O)[C@H](CC(C)C)NC(=O)c1cnccn1)[C@@H](C)CC)C(=O)C(=O)NCC(=O)NS(=O)(=O)c1cc(Cl)cc(S(=O)(=O)NC(=O)c2ccccc2)c1,n1ccnc(c1)CNCCNCCNC(CNCCCNCCNSc2cccc(SNCc3ccccc3)c2)CC4CCCCC4,regression,strict,test,False,6.920818753952375,active
CHEMBL382408,O=C(OC[C@H]1O[C@@H](OC(=O)c2cc(O)c(O)c(O)c2)[C@H](OC(=O)c2cc(O)c(O)c(O)c2)[C@@H](OC(=O)c2cc(O)c(O)c(O)c2)[C@@H]1OC(=O)c1cc(O)c(O)c(O)c1)c1cc(O)c(O)c(O)c1,O(Cc1ccccc1)CC2OC(OCc3ccccc3)C(OCc4ccccc4)C(OCc5ccccc5)C2OCc6ccccc6,regression,strict,train,False,5.795880017344075,intermediate
CHEMBL414202,C=CC[C@H](NC(=O)[C@@H]1C[C@@H](CCCc2cccc3ccccc23)c2c(Cl)nc(NCc3cccc(OC)c3)c(=O)n21)B1OC2CC3CC(C3(C)C)[C@@]2(C)O1,N=1C=C2N(CC1NCc3ccccc3)C(CNCB4OC5CC6CC(C6)C5O4)CC2CCCc7cccc8ccccc87,regression,strict,train,False,7.221848749616356,active
CHEMBL416351,C=CC[C@H](NC(=O)[C@@H]1C[C@@H](CCCc2cccc3ccccc23)c2c(Cl)nc(NC)c(=O)n21)B1OC2CC3CC(C3(C)C)[C@@]2(C)O1,N=1C=C2N(CC1)C(CNCB3OC4CC5CC(C5)C4O3)CC2CCCc6cccc7ccccc76,regression,strict,train,False,6.494850021680094,active
CHEMBL417,COc1cccc2c1C(=O)c1c(O)c3c(c(O)c1C2=O)C[C@@](O)(C(=O)CO)C[C@@H]3O[C@H]1C[C@H](N)[C@@H](O)[C@H](C)O1,O1CCCCC1OC2c3cc4c(cc3CCC2)Cc5ccccc5C4,regression,strict,train,False,6.1249387366083,active
CHEMBL413195,CC[C@H](C)[C@H](NC(=O)CNC(=O)[C@H](CCCN=C(N)N)NC(=O)[C@@H](NC(=O)[C@@H](NC(=O)[C@H](CC(C)C)NC(=O)[C@H](CO)NC(=O)CNC(=O)[C@H](CCCCN)NC(=O)CCCCCNC(=O)[C@H](CS)NC(=O)[C@H](CS)NC(=O)[C@@H](NC(=O)[C@@H](NC(=O)[C@H](CCC(=O)O)NC(=O)[C@@H](N)CC(=O)O)C(C)C)C(C)C)C(C)C)[C@@H](C)CC)C(=O)N[C@H](C(=O)N[C@H](C(=O)N[C@@H](CS)C(=O)N[C@@H](CCCCN)C(=O)O)C(C)C)C(C)C,NO_SCAFFOLD,regression,strict,train,False,6.698970004336019,active
CHEMBL419463,Cn1c(Cc2nc3ccccc3[nH]2)nc2ccc(C(=O)NC(CCC(=O)N(CC(=O)O)CC(=O)O)C(=O)O)cc21,N1=C([N]c2ccccc12)Cc3nc4ccccc4[nH]3,regression,strict,train,False,5.113509274827518,intermediate
CHEMBL4202696,C=C[C@@H]1C[C@]1(NC(=O)[C@@H]1C[C@]2(OC)CN1C(=O)[C@H](C(C)(C)C)NC(=O)OCCCCCCc1cc3cc2ccc3cc1OC)C(=O)NS(=O)(=O)C1CC1,O1CNCCN2CC(c3ccc4ccc(cc4c3)CCCCCC1)CC2CNC5(CNSC6CC6)CC5,regression,strict,train,False,9.522878745280336,active
CHEMBL414693,CC[C@H](C)[C@H](NC(=O)[C@H](CCCN=C(N)N)NC(=O)CNC(=O)[C@@H](NC(=O)[C@@H](NC(=O)[C@@H](NC(=O)[C@@H](NC(=O)[C@H](CS)NC(=O)CCCCCNC(=O)CCCCCNC(=O)[C@H](CS)NC(=O)[C@H](CS)NC(=O)[C@@H](NC(=O)[C@@H](NC(=O)[C@H](CC(=O)O)NC(=O)[C@@H](N)CCC(=O)O)C(C)C)C(C)C)C(C)C)C(C)C)[C@@H](C)CC)C(C)C)C(=O)N[C@H](C(=O)N[C@@H](CC(C)C)C(=O)N[C@@H](CO)C(=O)NCC(=O)N[C@@H](CCCCN)C(=O)O)C(C)C,NO_SCAFFOLD,regression,strict,train,False,6.221848749616356,active
CHEMBL4204453,C=C[C@@H]1C[C@]1(NC(=O)[C@@H]1C[C@]2(OC)CN1C(=O)[C@H](C(C)(C)C)NC(=O)OCC(C)(C)CCCCc1cc3cc2ccc3cc1OC)C(=O)NS(=O)(=O)C1CC1,O1CNCCN2CC(c3ccc4ccc(cc4c3)CCCCCC1)CC2CNC5(CNSC6CC6)CC5,regression,strict,train,False,8.744727494896694,active
CHEMBL414722,CC[C@H](C)[C@H](NC(=O)[C@H](CCCN=C(N)N)NC(=O)CNC(=O)[C@@H](NC(=O)[C@@H](NC(=O)[C@@H](NC(=O)[C@@H](NC(=O)[C@H](CS)NC(=O)CCCCCNC(=O)[C@H](CS)NC(=O)[C@H](CS)NC(=O)[C@@H](NC(=O)[C@@H](NC(=O)[C@H](CC(=O)O)NC(=O)[C@@H](N)CCC(=O)O)C(C)C)C(C)C)C(C)C)C(C)C)[C@@H](C)CC)C(C)C)C(=O)N[C@H](C(=O)N[C@@H](CC(C)C)C(=O)N[C@@H](CO)C(=O)NCC(=O)N[C@@H](CCCCN)C(=O)N[C@@H](CCCCN)C(=O)O)C(C)C,NO_SCAFFOLD,regression,strict,train,False,5.522878745280337,intermediate
CHEMBL4205832,C=C[C@@H]1C[C@]1(NC(=O)[C@@H]1C[C@]2(OC)CN1C(=O)[C@H](C(C)(C)C)NC(=O)OCCCCCc1cc3cc2ccc3cc1OC)C(=O)NS(=O)(=O)C1CC1,O1CNCCN2CC(c3ccc4ccc(cc4c3)CCCCC1)CC2CNC5(CNSC6CC6)CC5,regression,strict,train,False,9.221848749616356,active
CHEMBL4209552,C=C[C@@H]1C[C@]1(NC(=O)[C@@H]1C[C@]2(OC)CN1C(=O)[C@H](C(C)(C)C)NC(=O)OCCCCc1cc3cc2ccc3cc1OC)C(=O)NS(=O)(=O)C1CC1,O1CNCCN2CC(c3ccc4ccc(cc4c3)CCCC1)CC2CNC5(CNSC6CC6)CC5,regression,strict,train,False,8.301029995663981,active
CHEMBL4207303,COc1cc2ccc3cc2cc1OCCCN(C(C)C)CCOC(=O)N[C@@H](C(C)(C)C)C(=O)N1C[C@@]3(OC)C[C@H]1C(=O)N[C@]1(C(=O)NS(=O)(=O)C2CC2)C[C@H]1C1CC1,O1c2ccc3ccc(cc3c2)C4CN(CCNCOCCNCCC1)C(CNC5(CNSC6CC6)CC5C7CC7)C4,regression,strict,train,False,7.200659450546418,active
CHEMBL4210743,COc1cc2ccc3cc2cc1CCCC(C)(C)CCOC(=O)N[C@@H](C(C)(C)C)C(=O)N1C[C@@]3(OC)C[C@H]1C(=O)N[C@]1(C(=O)NS(=O)(=O)C2CC2)C[C@H]1C1CC1,O1CNCCN2CC(c3ccc4ccc(cc4c3)CCCCCC1)CC2CNC5(CNSC6CC6)CC5C7CC7,regression,strict,train,False,8.522878745280337,active
CHEMBL4210795,COc1cc2ccc3cc2cc1CCCCCCOC(=O)N[C@@H](C(C)(C)C)C(=O)N1C[C@@]3(OC)C[C@H]1C(=O)N[C@]1(C(=O)NS(=O)(=O)C2CC2)C[C@H]1C1CC1,O1CNCCN2CC(c3ccc4ccc(cc4c3)CCCCCC1)CC2CNC5(CNSC6CC6)CC5C7CC7,regression,strict,train,False,9.0,active
CHEMBL4211245,COC(=O)N1CCCOc2cc3cc(ccc3cc2OC)[C@]2(OC)C[C@@H](C(=O)N[C@]3(C(=O)NS(=O)(=O)C4CC4)C[C@H]3C3CC3)N(C2)C(=O)[C@H](C(C)(C)C)NC(=O)OCC1,O1c2ccc3ccc(cc3c2)C4CN(CCNCOCCNCCC1)C(CNC5(CNSC6CC6)CC5C7CC7)C4,regression,strict,train,False,8.397940008672037,active
CHEMBL4211385,C=C[C@@H]1C[C@]1(NC(=O)[C@@H]1C[C@]2(OC)CN1C(=O)[C@H](C(C)(C)C)NC(=O)OCCCCCCCc1cc3cc2ccc3cc1OC)C(=O)NS(=O)(=O)C1CC1,O1CNCCN2CC(c3ccc4ccc(cc4c3)CCCCCCC1)CC2CNC5(CNSC6CC6)CC5,regression,strict,train,False,7.455931955649724,active
CHEMBL4211655,C=C[C@@H]1C[C@]1(NC(=O)[C@@H]1C[C@]2(OC)CN1C(=O)[C@H](C(C)(C)C)NC(=O)OCCCCCOc1ccc3ccc2cc3c1)C(=O)NS(=O)(=O)C1CC1,O1c2ccc3ccc(cc3c2)C4CN(CCNCOCCCCC1)C(CNC5(CNSC6CC6)CC5)C4,regression,strict,train,False,8.154901959985743,active
CHEMBL4212349,C=C[C@@H]1C[C@]1(NC(=O)[C@@H]1C[C@@](OC)(c2ccc3cc(OC)ccc3c2)CN1C(=O)[C@@H](NC(=O)OC(C)(C)C)C(C)(C)C)C(=O)NS(=O)(=O)C1CC1,S(NCC1(NCC2NCC(c3ccc4ccccc4c3)C2)CC1)C5CC5,regression,strict,train,False,7.468521082957745,active
CHEMBL4212654,COc1ccc2cc([C@]3(OC)C[C@@H](C(=O)N[C@]4(C(=O)NS(=O)(=O)C5CC5)C[C@H]4C4CC4)N(C(=O)[C@@H](NC(=O)OC(C)(C)C(F)(F)F)C(C)(C)C)C3)ccc2c1,S(NCC1(NCC2NCC(c3ccc4ccccc4c3)C2)CC1C5CC5)C6CC6,regression,strict,train,False,6.519993057042849,active
CHEMBL4207524,COc1cc2ccc3cc2cc1OCCCN(C1CC1)CCOC(=O)N[C@@H](C(C)(C)C)C(=O)N1C[C@@]3(OC)C[C@H]1C(=O)N[C@]1(C(=O)NS(=O)(=O)C2CC2)C[C@H]1C1CC1,O1c2ccc3ccc(cc3c2)C4CN(CCNCOCCN(CCC1)C5CC5)C(CNC6(CNSC7CC7)CC6C8CC8)C4,regression,strict,train,False,8.301029995663981,active
CHEMBL4215939,C=Cc1cc2cc([C@]3(OC)C[C@@H](C(=O)N[C@]4(C(=O)NS(=O)(=O)C5CC5)C[C@H]4C=C)N(C(=O)[C@@H](NC(=O)OC(C)(C)C)C(C)(C)C)C3)ccc2cc1OC,S(NCC1(NCC2NCC(c3ccc4ccccc4c3)C2)CC1)C5CC5,regression,strict,test,False,7.301029995663981,active
CHEMBL421380,COc1ccc2c(O[C@@H]3C[C@@H](C(=O)NC(CC(F)F)C(=O)NCCc4ccc(C(=O)O)cc4)N(C(=O)[C@@H](NC(=O)OCC(C)C)C(C)C)C3)cc(-c3ccccc3)nc2c1,n1c2ccccc2c(OC3CNC(CNCCNCCc4ccccc4)C3)cc1-c5ccccc5,regression,strict,test,False,6.3979400086720375,active
CHEMBL4213684,COc1cc2ccc3cc2cc1CCCCC(C)(C)COC(=O)N[C@@H](C(C)(C)C)C(=O)N1C[C@@]3(OC)C[C@H]1C(=O)N[C@]1(C(=O)NS(=O)(=O)C2CC2)C[C@H]1C1CC1,O1CNCCN2CC(c3ccc4ccc(cc4c3)CCCCCC1)CC2CNC5(CNSC6CC6)CC5C7CC7,regression,strict,train,False,8.096910013008056,active
CHEMBL4215698,C=C[C@@H]1C[C@]1(NC(=O)[C@@H]1C[C@]2(OC)CN1C(=O)[C@H](C(C)(C)C)NC(=O)OCCC(C)(C)CCCc1cc3cc2ccc3cc1OC)C(=O)NS(=O)(=O)C1CC1,O1CNCCN2CC(c3ccc4ccc(cc4c3)CCCCCC1)CC2CNC5(CNSC6CC6)CC5,regression,strict,train,False,9.69897000433602,active
CHEMBL421708,Cn1c(Cc2nc3cc(C(N)=O)ccc3[nH]2)nc2ccc(C(=O)NC(CP(=O)(O)O)C(=O)O)cc21,N1=C([N]c2ccccc12)Cc3nc4ccccc4[nH]3,regression,strict,train,False,6.698970004336019,active
CHEMBL4216353,C=C[C@@H]1C[C@]1(NC(=O)[C@@H]1C[C@]2(OC)CN1C(=O)[C@H](C(C)(C)C)NC(=O)OCCCCCCCCc1cc3cc2ccc3cc1OC)C(=O)NS(=O)(=O)C1CC1,O1CNCCN2CC(c3ccc4ccc(cc4c3)CCCCCCCC1)CC2CNC5(CNSC6CC6)CC5,regression,strict,train,False,7.795880017344075,active
CHEMBL422,CN1CCN(CCCN2c3ccccc3Sc3ccc(C(F)(F)F)cc32)CC1,S1c2ccccc2N(c3ccccc13)CCCN4CCNCC4,regression,strict,train,False,6.154901959985743,active
CHEMBL4216640,CO[C@@]12C[C@@H](C(=O)N[C@]3(C(=O)NS(=O)(=O)C4CC4)C[C@H]3C3CC3)N(C1)C(=O)[C@H](C(C)(C)C)NC(=O)OCCCCCOc1ccc3ccc2cc3c1,O1c2ccc3ccc(cc3c2)C4CN(CCNCOCCCCC1)C(CNC5(CNSC6CC6)CC5C7CC7)C4,regression,strict,train,False,7.568636235841013,active
CHEMBL4217305,COc1ccc2cc([C@]3(OC)C[C@@H](C(=O)N[C@]4(C(=O)NS(=O)(=O)C5CC5)C[C@H]4C4CC4)N(C(=O)[C@@H](NC(=O)OC(C)(C)C)C(C)(C)C)C3)ccc2c1,S(NCC1(NCC2NCC(c3ccc4ccccc4c3)C2)CC1C5CC5)C6CC6,regression,strict,test,False,6.61261017366127,active
CHEMBL425679,C/C(=C1/SC(=S)N(CC(=O)O)C1=O)c1ccc(-c2ccccc2)cc1,S1C(=Cc2ccc(cc2)-c3ccccc3)CNC1,regression,strict,train,False,4.698970004336019,inactive
CHEMBL4217267,COc1cc2ccc3cc2cc1OCCCN(C)CCOC(=O)N[C@@H](C(C)(C)C)C(=O)N1C[C@@]3(OC)C[C@H]1C(=O)N[C@]1(C(=O)NS(=O)(=O)C2CC2)C[C@H]1C1CC1,O1c2ccc3ccc(cc3c2)C4CN(CCNCOCCNCCC1)C(CNC5(CNSC6CC6)CC5C7CC7)C4,regression,strict,train,False,7.2839966563652,active
CHEMBL424999,CC[C@H](C)[C@H](NC(=O)[C@H](CC(C)C)NC(=O)c1cnccn1)C(=O)N[C@@H](CC1CCCCC1)C(=O)N[C@@H](CC(F)F)C(=O)C(=O)NCC(=O)NS(=O)(=O)c1cc(Cl)cc(S(N)(=O)=O)c1,n1ccnc(c1)CNCCNCCNC(CNCCCNCCNSc2ccccc2)CC3CCCCC3,regression,strict,train,False,7.301029995663981,active
CHEMBL428527,C=CC[C@H](NC(=O)[C@@H]1C[C@@H](CCCc2cccc3ccccc23)c2c(Cl)nc(NCc3cccc(F)c3)c(=O)n21)B1OC2CC3CC(C3(C)C)[C@@]2(C)O1,N=1C=C2N(CC1NCc3ccccc3)C(CNCB4OC5CC6CC(C6)C5O4)CC2CCCc7cccc8ccccc87,regression,strict,train,False,7.221848749616356,active
CHEMBL429777,C=CC[C@H](NC(=O)[C@@H]1C[C@@H](CCCc2cccc3ccccc23)c2c(Cl)nc(NCC)c(=O)n21)B1OC2CC3CC(C3(C)C)[C@@]2(C)O1,N=1C=C2N(CC1)C(CNCB3OC4CC5CC(C5)C4O3)CC2CCCc6cccc7ccccc76,regression,strict,train,False,6.638272163982407,active
CHEMBL430264,CC[C@H](NC(=O)[C@H](CC1CCCCC1)NC(=O)[C@@H](NC(=O)[C@H](CC(C)C)NC(=O)c1cnccn1)[C@@H](C)CC)C(=O)C(=O)NCC(=O)NS(C)(=O)=O,n1ccnc(c1)CNCCNCCNCCC2CCCCC2,regression,strict,train,False,4.6020599913279625,inactive
CHEMBL428647,CC(=O)O[C@H]1C(=O)[C@]2(C)[C@@H](O)C[C@H]3OC[C@@]3(OC(C)=O)[C@H]2[C@H](OC(=O)c2ccccc2)[C@]2(O)C[C@H](OC(=O)[C@H](O)[C@@H](NC(=O)c3ccccc3)c3ccccc3)C(C)=C1C2(C)C,O(CCC(NCc1ccccc1)c2ccccc2)C3C=C4CCC5CCC6OCC6C5C(OCc7ccccc7)C(C4)C3,regression,strict,train,False,6.0,intermediate
CHEMBL432156,CCC[C@H](NC(=O)[C@@H]1C[C@@H](OCc2ccc3ccccc3c2)CN1C(=O)[C@@H](NC(=O)[C@@H](NC(=O)[C@@H](CCC(=O)O)NC(=O)[C@H](CC(=O)O)NC(C)=O)C1CCCCC1)C(C)C)C(=O)O,O(Cc1ccc2ccccc2c1)C3CN(CCNCCC4CCCCC4)CC3,regression,strict,train,False,7.568636235841013,active
CHEMBL433706,CCOc1ccccc1NC(=O)N[C@]1(C)C[C@@H](C(=O)N[C@@H](CC)B2OC3C4CC(C[C@]3(C)O2)C4(C)C)n2c1ncc(NCc1cccc(C(F)(F)F)c1)c2=O,N=1C=C(NCc2ccccc2)CN3C1C(NCNc4ccccc4)CC3CNCB5OC6CC7CC(C7)C6O5,regression,strict,train,False,6.795880017344075,active
CHEMBL434672,CC[C@H](NC(=O)[C@@H]1C[C@@](C)(NC(=O)Nc2cccc(SC)c2)c2ncc(NCc3cccc(C(F)(F)F)c3)c(=O)n21)B1OC2C3CC(C[C@]2(C)O1)C3(C)C,N=1C=C(NCc2ccccc2)CN3C1C(NCNc4ccccc4)CC3CNCB5OC6CC7CC(C7)C6O5,regression,strict,train,False,6.886056647693163,active
CHEMBL435265,CC[C@H](NC(=O)[C@@H]1C[C@@](C)(NC(=O)Nc2ccccc2C(=O)O)c2ncc(NCc3cccc(C(F)(F)F)c3)c(=O)n21)B1OC2C3CC(C[C@]2(C)O1)C3(C)C,N=1C=C(NCc2ccccc2)CN3C1C(NCNc4ccccc4)CC3CNCB5OC6CC7CC(C7)C6O5,regression,strict,train,False,5.1938200260161125,intermediate
CHEMBL428797,CC[C@H](C)[C@@H](NC(=O)[C@H](NC(=O)[C@@H](CC(C)C)NC(=O)[C@@H](CO)NC(=O)CNC(=O)[C@H](CCCCN)NC(=O)CCCCCNC(=O)CCCCCNC(=O)[C@H](CS)NC(=O)[C@H](CS)NC(=O)[C@@H](NC(=O)[C@@H](NC(=O)[C@H](CC(=O)O)NC(=O)[C@@H](N)CCC(=O)O)C(C)C)C(C)C)C(C)C)C(=O)N[C@H](CCCN=C(N)N)C(=O)NCC(=O)N[C@@H](C(=O)N[C@@H](C(=O)N[C@@H](C(=O)N[C@@H](C(=O)N[C@H](CS)C(=O)O)C(C)C)C(C)C)[C@@H](C)CC)C(C)C,NO_SCAFFOLD,regression,strict,train,False,6.698970004336019,active
CHEMBL435655,C=CCNC(=O)C(=O)C(CC=C)NC(=O)[C@H]1CCCN1C(=O)[C@@H](NC(=O)[C@@H](NC(=O)[C@H](CCC(=O)O)NC(=O)[C@@H](N)CC(=O)O)C(C)C)C(C)C,N1CCCC1,regression,strict,train,False,6.468521082957745,active
CHEMBL435436,CCCC[C@H](NC(=O)[C@H](CC(C)C)NC(=O)[C@@H](NC(=O)[C@H](Cc1ccccc1C)NC(=O)[C@H](CCC(=O)O)NC(=O)[C@H](CC(=O)O)NC(=O)Cc1ccc2ccccc2c1)C(C)(C)C)C(=O)C(N)=O,c1ccc(cc1)CCNCCNCCNCCc2ccc3ccccc3c2,regression,strict,train,False,7.045757490560675,active
CHEMBL435453,CC[C@H](NC(=O)[C@@H]1C[C@@](C)(NC(=O)Nc2ccccc2[N+](=O)[O-])c2ncc(NCc3cccc(C(F)(F)F)c3)c(=O)n21)B1OC2C3CC(C[C@]2(C)O1)C3(C)C,N=1C=C(NCc2ccccc2)CN3C1C(NCNc4ccccc4)CC3CNCB5OC6CC7CC(C7)C6O5,regression,strict,train,False,6.7447274948966935,active
CHEMBL444607,CC[C@H](NC(=O)[C@@H]1C[C@@](C)(NC(=O)Nc2ccc(SC)cc2)c2ncc(NCc3cccc(C(F)(F)F)c3)c(=O)n21)B1OC2C3CC(C[C@]2(C)O1)C3(C)C,N=1C=C(NCc2ccccc2)CN3C1C(NCNc4ccccc4)CC3CNCB5OC6CC7CC(C7)C6O5,regression,strict,train,False,5.627087997029894,intermediate
CHEMBL443475,C=CC[C@H](NC(=O)[C@@H]1C[C@@H](CCCc2cccc3ccccc23)c2c(Cl)nc(NCc3cccc([N+](=O)[O-])c3)c(=O)n21)B1OC2CC3CC(C3(C)C)[C@@]2(C)O1,N=1C=C2N(CC1NCc3ccccc3)C(CNCB4OC5CC6CC(C6)C5O4)CC2CCCc7cccc8ccccc87,regression,strict,train,False,7.397940008672037,active
CHEMBL447631,CCCN(NC(=O)[C@@H]1C[C@@H](OCc2ccccc2)CN1C(=O)[C@@H](NC(=O)[C@@H](NC(=O)[C@@H](CCC(=O)O)NC(=O)[C@H](CC(=O)O)NC(C)=O)[C@@H](C)CC)C(C)C)C(=O)N[C@H]1CCc2ccccc21,O(Cc1ccccc1)C2CNC(CNNCNC3c4ccccc4CC3)C2,regression,strict,train,False,7.0,active
CHEMBL447974,O=C(OC[C@H]1O[C@@H](OC(=O)c2cc(O)c(O)c(O)c2)[C@H](OC(=O)c2cc(O)c(O)c(O)c2)[C@@H](O)[C@@H]1O)c1cc(O)c(O)c(O)c1,O(Cc1ccccc1)CC2OC(OCc3ccccc3)C(OCc4ccccc4)CC2,regression,strict,train,False,5.723538195826756,intermediate
CHEMBL441490,CC[C@H](NC(=O)[C@@H]1C[C@@](C)(NC(=O)Nc2ccc(Oc3ccccc3)cc2)c2ncc(NCc3cccc(C(F)(F)F)c3)c(=O)n21)B1OC2C3CC(C[C@]2(C)O1)C3(C)C,N=1C=C(NCc2ccccc2)CN3C1C(NCNc4ccc(Oc5ccccc5)cc4)CC3CNCB6OC7CC8CC(C8)C7O6,regression,strict,train,False,5.324221658325915,intermediate
CHEMBL451001,CCCN(NC(=O)[C@@H]1C[C@@H](OCc2ccccc2)CN1C(=O)[C@@H](NC(=O)[C@@H](NC(=O)[C@@H](CCC(=O)O)NC(=O)[C@H](CC(=O)O)NC(C)=O)[C@@H](C)CC)C(C)C)C(=O)NN(C)c1ccccc1,O(Cc1ccccc1)C2CNC(CNNCNNc3ccccc3)C2,regression,strict,train,False,6.318758762624412,active
CHEMBL450590,CCCN(NC(=O)[C@@H]1C[C@@H](OCc2ccccc2)CN1C(=O)[C@@H](NC(=O)[C@@H](NC(=O)[C@@H](CCC(=O)O)NC(=O)[C@H](CC(=O)O)NC(C)=O)[C@@H](C)CC)C(C)C)C(=O)N[C@@H](C)c1cccc2ccccc12,O(Cc1ccccc1)C2CNC(CNNCNCc3cccc4ccccc43)C2,regression,strict,train,False,6.309803919971486,active
CHEMBL499668,CCCN(NC(=O)[C@@H]1C[C@@H](OCc2ccccc2)CN1C(=O)[C@@H](NC(=O)[C@@H](NC(=O)[C@@H](CCC(=O)O)NC(=O)[C@H](CC(=O)O)NC(C)=O)[C@@H](C)CC)C(C)C)C(=O)N[C@@H](C)c1ccc(Br)cc1,O(Cc1ccccc1)C2CNC(CNNCNCc3ccccc3)C2,regression,strict,train,False,7.142667503568731,active
CHEMBL504504,CCCN(NC(=O)[C@@H]1C[C@@H](OCc2ccccc2)CN1C(=O)[C@@H](NC(=O)[C@@H](NC(=O)[C@@H](CCC(=O)O)NC(=O)[C@H](CC(=O)O)NC(C)=O)[C@@H](C)CC)C(C)C)C(=O)N[C@@H](CC)c1ccccc1,O(Cc1ccccc1)C2CNC(CNNCNCc3ccccc3)C2,regression,strict,train,False,6.356547323513812,active
CHEMBL506943,CCCN(NC(=O)[C@@H]1C[C@@H](OCc2ccccc2)CN1C(=O)[C@@H](NC(=O)[C@@H](NC(=O)[C@@H](CCC(=O)O)NC(=O)[C@H](CC(=O)O)NC(C)=O)[C@@H](C)CC)C(C)C)C(=O)N[C@H](C)c1ccccc1,O(Cc1ccccc1)C2CNC(CNNCNCc3ccccc3)C2,regression,strict,train,False,5.366531544420414,intermediate
CHEMBL504459,COC(=O)[C@@H]1c2cc3c(c(O)c2[C@@H](O[C@@H]2O[C@@H](C)[C@H](OC)[C@@](C)(OC)[C@H]2OC)C[C@]1(C)O)C(=O)c1c(O)cc2c(c1C3=O)O[C@@H]1O[C@@]2(C)[C@H](O)[C@@H](N(C)C)[C@@H]1O,O1c2c(ccc3c2Cc4cc5c(cc4C3)C(OC6OCCCC6)CCC5)C7OC1CCC7,regression,strict,train,False,7.0,active
CHEMBL509123,O=C1OC[C@H]2O[C@@H](Oc3cc(O)c(C(=O)CCc4ccccc4)c(O)c3)[C@H](O)[C@@H](O)[C@@H]2OC(=O)c2cc(O)c(O)c(O)c2-c2c1cc(O)c(O)c2O,O1Cc2ccccc2-c3ccccc3COC4CCC(Oc5ccc(cc5)CCCc6ccccc6)OC4C1,regression,strict,train,False,6.096910013008056,active
CHEMBL599013,O=C(O)c1ccccc1/C=N/NC(=O)c1cc(-c2ccco2)nc2ccccc12,N(=Cc1ccccc1)NCc2cc(nc3ccccc32)-c4occc4,regression,strict,train,False,5.133712660915805,intermediate
CHEMBL602213,Cc1ccc(C2CC(=O)N3CN(c4ccc(Br)cc4)CSC3=C2C#N)o1,o1cccc1C2C=C3SCN(c4ccccc4)CN3CC2,regression,strict,train,False,5.14923127307112,intermediate
CHEMBL607669,OC[C@H]1O[C@@H](n2nnc3cc(Cl)c(Cl)cc32)[C@H](O)[C@@H]1O,n1nn(c2ccccc12)C3OCCC3,regression,strict,train,False,5.823908740944319,intermediate
CHEMBL509865,CCCN(NC(=O)[C@@H]1C[C@@H](OCc2ccccc2)CN1C(=O)[C@@H](NC(=O)[C@@H](NC(=O)[C@@H](CCC(=O)O)NC(=O)[C@H](CC(=O)O)NC(C)=O)[C@@H](C)CC)C(C)C)C(=O)N[C@@H](C)c1nnn[nH]1,n1n[nH]c(n1)CNCNNCC2NCC(OCc3ccccc3)C2,regression,strict,train,False,6.0655015487564325,active
CHEMBL607670,Nc1nc(=O)c2c(ncn2C2O[C@H](CO)[C@@H](O)[C@H]2O)c(=O)[nH]1,[N]1C=N[CH]c2c(ncn2C3OCCC3)[CH]1,regression,strict,train,False,4.920818753952375,inactive
CHEMBL61801,CC(=O)OC1OCC=C2OC(=O)C=C21,O1C2=CCOCC2=CC1,regression,strict,test,False,5.142667503568732,intermediate
CHEMBL509825,CCCN(NC(=O)[C@@H]1C[C@@H](OCc2ccccc2)CN1C(=O)[C@@H](NC(=O)[C@@H](NC(=O)[C@@H](CCC(=O)O)NC(=O)[C@H](CC(=O)O)NC(C)=O)[C@@H](C)CC)C(C)C)C(=O)N[C@@H](C)C1CCCCC1,O(Cc1ccccc1)C2CNC(CNNCNCC3CCCCC3)C2,regression,strict,train,False,6.376750709602099,active
CHEMBL60795,O=C1C=C2C(=CCOC2OC(=O)c2ccc(Br)cc2)O1,O1C2=CCOC(OCc3ccccc3)C2=CC1,regression,strict,test,False,4.427413973146462,inactive
CHEMBL72695,CCC[C@H](NC(=O)[C@@H]1CCCN1C(=O)[C@@H](NC(=O)[C@@H](NC(=O)[C@H](CC(=O)O)NC(=O)[C@H](CC(=O)O)NC(C)=O)[C@@H](C)CC)C(C)C)C(=O)O,N1CCCC1,regression,strict,train,False,3.823908740944319,inactive
CHEMBL74584,CCC[C@H](NC(=O)[C@@H]1C[C@@H](OCc2cccc(C)c2)CN1C(=O)[C@@H](NC(=O)[C@@H](NC(=O)[C@H](CC(=O)O)NC(=O)[C@H](CC(=O)O)NC(C)=O)[C@@H](C)CC)C(C)C)C(=O)O,O(Cc1ccccc1)C2CNCC2,regression,strict,train,False,5.455931955649724,intermediate
CHEMBL75558,CC(=O)N[C@H](C(=O)N[C@H](C(=O)N1C[C@H](OCc2cccc3ccccc23)C[C@H]1C(=O)NC1(C(=O)O)CC1)C(C)C)C1CCCCC1,O(Cc1cccc2ccccc21)C3CN(CCNCCC4CCCCC4)C(CNC5CC5)C3,regression,strict,train,False,6.4089353929735005,active
CHEMBL73787,CCC[C@H](NC(=O)[C@@H]1C[C@@H](OCc2cccc3ccccc23)CN1C(=O)[C@@H](NC(=O)[C@@H](NC(=O)[C@H](CC(=O)O)NC(=O)[C@H](CC(=O)O)NC(C)=O)[C@@H](C)CC)C(C)C)C(=O)O,O(Cc1cccc2ccccc21)C3CNCC3,regression,strict,test,False,6.4089353929735005,active
CHEMBL75579,CCC[C@H](NC(=O)[C@@H]1C[C@@H](OCc2ccccc2C)CN1C(=O)[C@@H](NC(=O)[C@@H](NC(=O)[C@H](CC(=O)O)NC(=O)[C@H](CC(=O)O)NC(C)=O)[C@@H](C)CC)C(C)C)C(=O)O,O(Cc1ccccc1)C2CNCC2,regression,strict,train,False,5.167491087293763,intermediate
CHEMBL75693,Cn1c(Cc2nc3cc(C(N)=O)ccc3[nH]2)nc2ccc(C(=O)Nc3cc(C(=O)O)cc(C(=O)NC(CCC(=O)O)C(=O)O)c3)cc21,N1=C([N]c2ccccc12)Cc3nc4ccc(cc4[nH]3)CNc5ccccc5,regression,strict,train,False,5.698970004336019,intermediate
CHEMBL75799,Cn1c(Cc2nc3cc(C(N)=O)ccc3[nH]2)nc2ccc(C(=O)Nc3ccc(C(=O)NC(CCC(=O)O)C(=O)O)cc3)cc21,N1=C([N]c2ccccc12)Cc3nc4ccc(cc4[nH]3)CNc5ccccc5,regression,strict,train,False,4.769551078621726,inactive
CHEMBL76021,Cn1c(Cc2nc3cc(C(N)=O)ccc3[nH]2)nc2ccc(C(=O)Nc3cccc(C(=O)NCCCC(=O)O)c3)cc21,N1=C([N]c2ccccc12)Cc3nc4ccc(cc4[nH]3)CNc5ccccc5,regression,strict,train,False,4.366531544420414,inactive
CHEMBL76181,CCC[C@H](NC(=O)[C@@H]1C[C@@H](CCc2ccccc2)CN1C(=O)[C@@H](NC(=O)[C@@H](NC(=O)[C@H](CC(=O)O)NC(=O)[C@H](CC(=O)O)NC(C)=O)[C@@H](C)CC)C(C)C)C(=O)O,c1ccc(cc1)CCC2CNCC2,regression,strict,train,False,5.0,inactive
CHEMBL77047,Cn1c(Cc2nc3cc(C(N)=O)ccc3[nH]2)nc2ccc(C(=O)NC(Cc3ccc(O)c(C(=O)O)c3)C(=O)O)cc21,N1=C([N]c2ccccc12)Cc3nc4ccc(cc4[nH]3)CNCCc5ccccc5,regression,strict,train,False,5.154901959985743,intermediate
CHEMBL76142,Cn1c(Cc2nc3ccccc3[nH]2)nc2ccc(C(=O)NCCc3ccc(OCC(=O)NS(=O)(=O)c4ccccc4)cc3)cc21,N1=C([N]c2ccccc12)Cc3nc4ccc(cc4[nH]3)CNCCc5ccc(OCCNSc6ccccc6)cc5,regression,strict,train,False,4.920818753952375,inactive
CHEMBL76832,Cn1c(Cc2nc3cc(C(N)=O)ccc3[nH]2)nc2ccc(C(=O)Nc3cccc(C(=O)NC(CCC(=O)O)C(=O)O)c3)cc21,N1=C([N]c2ccccc12)Cc3nc4ccc(cc4[nH]3)CNc5ccccc5,regression,strict,train,False,5.1938200260161125,intermediate
CHEMBL78024,Cn1c(Cc2nc3cc(C(N)=O)ccc3[nH]2)nc2ccc(C(=O)NC(CC(C(=O)O)C(=O)O)C(=O)O)cc21,N1=C([N]c2ccccc12)Cc3nc4ccccc4[nH]3,regression,strict,train,False,5.585026652029182,intermediate
CHEMBL77224,Cn1c(Cc2nc3cc(C(N)=O)ccc3[nH]2)nc2ccc(C(=O)NC(Cc3ccc(OCC(=O)O)c(C(=O)O)c3)C(=O)O)cc21,N1=C([N]c2ccccc12)Cc3nc4ccc(cc4[nH]3)CNCCc5ccccc5,regression,strict,train,False,5.3979400086720375,intermediate
CHEMBL77664,Cn1c(Cc2nc3cc(C(N)=O)ccc3[nH]2)nc2ccc(C(=O)Nc3cc(C(=O)O)cc(C(=O)NC(CC(=O)O)C(=O)O)c3)cc21,N1=C([N]c2ccccc12)Cc3nc4ccc(cc4[nH]3)CNc5ccccc5,regression,strict,train,False,6.0,intermediate
CHEMBL80838,Cn1c(Cc2nc3cc(C(N)=O)ccc3[nH]2)nc2ccc(C(=O)NC(Cc3cc(OCC(=O)O)ccc3C(=O)O)C(=O)O)cc21,N1=C([N]c2ccccc12)Cc3nc4ccc(cc4[nH]3)CNCCc5ccccc5,regression,strict,train,False,4.920818753952375,inactive
CHEMBL80922,Cn1c(Cc2nc3cc(C(N)=O)ccc3[nH]2)nc2ccc(C(=O)NC(CCP(=O)(O)O)C(=O)O)cc21,N1=C([N]c2ccccc12)Cc3nc4ccccc4[nH]3,regression,strict,train,False,6.060480747381382,active
CHEMBL80925,Cn1c(Cc2nc3cc(C(N)=O)ccc3[nH]2)nc2ccc(C(=O)NC(CC(=O)NS(=O)(=O)c3ccccc3C(=O)O)C(=O)O)cc21,N1=C([N]c2ccccc12)Cc3nc4ccc(cc4[nH]3)CNCCCNSc5ccccc5,regression,strict,train,False,5.795880017344075,intermediate
CHEMBL93512,C=CC1C[C@]1(NC(=O)C1C[C@@H](Oc2cc(-c3ccccc3)nc3cc(OC)ccc23)CN1C(=O)[C@@H](NC(=O)OC(C)(C)C)C(C)(C)C)C(=O)O,n1c2ccccc2c(OC3CNC(CNC4CC4)C3)cc1-c5ccccc5,regression,strict,test,False,7.602059991327962,active
CHEMBL82642,CC(=O)N[C@H](C(=O)N[C@H](C(=O)N1C[C@H](Oc2cc(-c3ccccc3)nc3ccccc23)C[C@H]1C(=O)NC1(C(=O)O)CC1)C(C)C)C1CCCCC1,n1c2ccccc2c(OC3CN(CCNCCC4CCCCC4)C(CNC5CC5)C3)cc1-c6ccccc6,regression,strict,train,False,6.431798275933005,active
CHEMBL84319,C=C[C@@H]1C[C@]1(NC(=O)[C@@H]1C[C@@H](Oc2cc(-c3ccccc3)nc3ccccc23)CN1C(=O)[C@@H](NC(=O)[C@@H](NC(C)=O)C1CCCCC1)C(C)C)C(=O)O,n1c2ccccc2c(OC3CN(CCNCCC4CCCCC4)C(CNC5CC5)C3)cc1-c6ccccc6,regression,strict,train,False,7.886056647693163,active
CHEMBL94003,COc1ccc2c(O[C@@H]3CC(C(=O)NC(CC(F)F)C(=O)O)N(C(=O)[C@@H](NC(=O)OC(C)(C)C)C(C)(C)C)C3)cc(-c3ccccc3)nc2c1,n1c2ccccc2c(OC3CNCC3)cc1-c4ccccc4,regression,strict,train,False,6.7447274948966935,active
